[22:12:03] [main/INFO] [LaunchWrapper]: Loading tweak class name net.minecraftforge.fml.common.launcher.FMLServerTweaker
[22:12:03] [main/INFO] [LaunchWrapper]: Using primary tweak class name net.minecraftforge.fml.common.launcher.FMLServerTweaker
[22:12:03] [main/INFO] [LaunchWrapper]: Calling tweak class net.minecraftforge.fml.common.launcher.FMLServerTweaker
[22:12:03] [main/DEBUG] [FML]: Injecting tracing printstreams for STDOUT/STDERR.
[22:12:03] [main/INFO] [FML]: Forge Mod Loader version 14.23.5.2860 for Minecraft 1.12.2 loading
[22:12:03] [main/INFO] [FML]: Java is OpenJDK 64-Bit Server VM, version 1.8.0_442, running on Linux:amd64:6.8.0-1026-azure, installed at /usr/lib/jvm/java-8-openjdk-amd64/jre
[22:12:03] [main/DEBUG] [FML]: Java classpath at launch is:
[22:12:03] [main/DEBUG] [FML]:     /workspaces/MineServer/servidor_minecraft/forge-1.12.2-14.23.5.2860.jar
[22:12:03] [main/DEBUG] [FML]: Java library path at launch is:
[22:12:03] [main/DEBUG] [FML]:     /tmp/_MEI7V4fCb
[22:12:03] [main/DEBUG] [FML]:     /usr/java/packages/lib/amd64
[22:12:03] [main/DEBUG] [FML]:     /usr/lib/x86_64-linux-gnu/jni
[22:12:03] [main/DEBUG] [FML]:     /lib/x86_64-linux-gnu
[22:12:03] [main/DEBUG] [FML]:     /usr/lib/x86_64-linux-gnu
[22:12:03] [main/DEBUG] [FML]:     /usr/lib/jni
[22:12:03] [main/DEBUG] [FML]:     /lib
[22:12:03] [main/DEBUG] [FML]:     /usr/lib
[22:12:03] [main/DEBUG] [FML]: Determined Minecraft Libraries Root: /workspaces/MineServer/servidor_minecraft/libraries
[22:12:03] [main/DEBUG] [FML]: Cleaning up mods folder: ./mods
[22:12:03] [main/DEBUG] [FML]: Examining file: simpleteleporters-1.12.2-3.0.2.jar
[22:12:03] [main/DEBUG] [FML]: Examining file: Aquaculture-1.12.2-1.6.8.jar
[22:12:03] [main/DEBUG] [FML]: Examining file: CoralReef-2.5-1.12.2.jar
[22:12:03] [main/DEBUG] [FML]: Examining file: gravestone-1.10.3.jar
[22:12:03] [main/DEBUG] [FML]: Examining file: armoryexpansion-1.4.2.jar
[22:12:03] [main/DEBUG] [FML]: Examining file: SpartanShields-1.12.2-1.5.5.jar
[22:12:03] [main/DEBUG] [FML]: Examining file: AbyssalDepths-1.12.2-0.3.2.jar
[22:12:03] [main/DEBUG] [FML]: Examining file: TConstruct-1.12.2-2.13.0.183.jar
[22:12:03] [main/DEBUG] [FML]: Examining file: Treasure2-mc1.12.2-f14.23.5.2859-v2.3.2.jar
[22:12:03] [main/DEBUG] [FML]: Examining file: OptiFine_1.12.2_HD_U_E3.jar
[22:12:03] [main/DEBUG] [FML]: Examining file: specialmobs-1.0.4_for_mc1.12.2.jar
[22:12:03] [main/DEBUG] [FML]: Examining file: journeymap-1.12.2-5.7.1p3.jar
[22:12:03] [main/DEBUG] [FML]: Examining file: MCA-1.12.2-6.1.0-universal.jar
[22:12:03] [main/DEBUG] [FML]: Examining file: InventoryTweaks-1.63.jar
[22:12:03] [main/DEBUG] [FML]: Examining file: levelup2-1.5.8.jar
[22:12:03] [main/DEBUG] [FML]: Examining file: conarm-1.12.2-1.2.5.10.jar
[22:12:03] [main/DEBUG] [FML]: Examining file: dldungeonsjbg-1.14.14-MC1.12.2.jar
[22:12:03] [main/DEBUG] [FML]: Examining file: signpost-1.12.2-1.08.5.jar
[22:12:03] [main/DEBUG] [FML]: Examining file: Baubles-1.12-1.5.2.jar
[22:12:03] [main/DEBUG] [FML]: Examining file: Ruins-1.12.2.jar
[22:12:03] [main/DEBUG] [FML]: Examining file: jei_1.12.2-4.16.1.1013.jar
[22:12:03] [main/DEBUG] [FML]: Examining file: RoguelikeDungeons-1.12.2-1.8.0.jar
[22:12:03] [main/DEBUG] [FML]: Examining file: IgniteHUD-b0.5.4.jar
[22:12:03] [main/DEBUG] [FML]: Examining file: BetterDiving-1.12.2-1.5.8.jar
[22:12:03] [main/DEBUG] [FML]: Examining file: GottschCore-mc1.12.2-f14.23.5.2859-v1.15.1.jar
[22:12:03] [main/DEBUG] [FML]: Examining file: CosmeticArmorReworked-1.12.2-v5a.jar
[22:12:03] [main/DEBUG] [FML]: Examining file: backpack-3.0.2-1.12.2.jar
[22:12:03] [main/DEBUG] [FML]: Examining file: aether-1.12.2-v1.5.4.1.jar
[22:12:03] [main/DEBUG] [FML]: Examining file: Mantle-1.12-1.3.3.55.jar
[22:12:03] [main/DEBUG] [FML]: Examining file: DungeonTactics-1.12.2-0.16.9.jar
[22:12:03] [main/DEBUG] [FML]: Examining file: twilightforest-1.12.2-3.11.1021-universal.jar
[22:12:03] [main/DEBUG] [FML]: Examining file: Atum-1.12.2-2.0.20.jar
[22:12:03] [main/DEBUG] [FML]: Enabling runtime deobfuscation
[22:12:03] [main/DEBUG] [FML]: Instantiating coremod class FMLCorePlugin
[22:12:03] [main/DEBUG] [FML]: Found signing certificates for coremod FMLCorePlugin (net.minecraftforge.fml.relauncher.FMLCorePlugin)
[22:12:03] [main/DEBUG] [FML]: Found certificate e3c3d50c7c986df74c645c0ac54639741c90a557
[22:12:03] [main/DEBUG] [FML]: Added access transformer class net.minecraftforge.fml.common.asm.transformers.AccessTransformer to enqueued access transformers
[22:12:03] [main/DEBUG] [FML]: Enqueued coremod FMLCorePlugin
[22:12:03] [main/DEBUG] [FML]: Instantiating coremod class FMLForgePlugin
[22:12:03] [main/DEBUG] [FML]: Found signing certificates for coremod FMLForgePlugin (net.minecraftforge.classloading.FMLForgePlugin)
[22:12:03] [main/DEBUG] [FML]: Found certificate e3c3d50c7c986df74c645c0ac54639741c90a557
[22:12:03] [main/DEBUG] [FML]: Enqueued coremod FMLForgePlugin
[22:12:03] [main/DEBUG] [FML]: All fundamental core mods are successfully located
[22:12:03] [main/DEBUG] [FML]: Discovering coremods
[22:12:03] [main/INFO] [FML]: Searching /workspaces/MineServer/servidor_minecraft/./mods for mods
[22:12:03] [main/DEBUG] [FML]:   Adding simpleteleporters-1.12.2-3.0.2.jar to the mod list
[22:12:03] [main/DEBUG] [FML]:   Adding Aquaculture-1.12.2-1.6.8.jar to the mod list
[22:12:03] [main/DEBUG] [FML]:   Adding CoralReef-2.5-1.12.2.jar to the mod list
[22:12:03] [main/DEBUG] [FML]:   Adding gravestone-1.10.3.jar to the mod list
[22:12:03] [main/DEBUG] [FML]:   Adding armoryexpansion-1.4.2.jar to the mod list
[22:12:03] [main/DEBUG] [FML]:   Adding SpartanShields-1.12.2-1.5.5.jar to the mod list
[22:12:03] [main/DEBUG] [FML]:   Adding AbyssalDepths-1.12.2-0.3.2.jar to the mod list
[22:12:03] [main/DEBUG] [FML]:   Adding TConstruct-1.12.2-2.13.0.183.jar to the mod list
[22:12:03] [main/DEBUG] [FML]:   Adding Treasure2-mc1.12.2-f14.23.5.2859-v2.3.2.jar to the mod list
[22:12:03] [main/DEBUG] [FML]:   Adding OptiFine_1.12.2_HD_U_E3.jar to the mod list
[22:12:03] [main/DEBUG] [FML]:   Adding specialmobs-1.0.4_for_mc1.12.2.jar to the mod list
[22:12:03] [main/DEBUG] [FML]:   Adding journeymap-1.12.2-5.7.1p3.jar to the mod list
[22:12:03] [main/DEBUG] [FML]:   Adding MCA-1.12.2-6.1.0-universal.jar to the mod list
[22:12:03] [main/DEBUG] [FML]:   Adding InventoryTweaks-1.63.jar to the mod list
[22:12:03] [main/DEBUG] [FML]:   Adding levelup2-1.5.8.jar to the mod list
[22:12:03] [main/DEBUG] [FML]:   Adding conarm-1.12.2-1.2.5.10.jar to the mod list
[22:12:03] [main/DEBUG] [FML]:   Adding dldungeonsjbg-1.14.14-MC1.12.2.jar to the mod list
[22:12:03] [main/DEBUG] [FML]:   Adding signpost-1.12.2-1.08.5.jar to the mod list
[22:12:03] [main/DEBUG] [FML]:   Adding Baubles-1.12-1.5.2.jar to the mod list
[22:12:03] [main/DEBUG] [FML]:   Adding Ruins-1.12.2.jar to the mod list
[22:12:03] [main/DEBUG] [FML]:   Adding jei_1.12.2-4.16.1.1013.jar to the mod list
[22:12:03] [main/DEBUG] [FML]:   Adding RoguelikeDungeons-1.12.2-1.8.0.jar to the mod list
[22:12:03] [main/DEBUG] [FML]:   Adding IgniteHUD-b0.5.4.jar to the mod list
[22:12:03] [main/DEBUG] [FML]:   Adding BetterDiving-1.12.2-1.5.8.jar to the mod list
[22:12:03] [main/DEBUG] [FML]:   Adding GottschCore-mc1.12.2-f14.23.5.2859-v1.15.1.jar to the mod list
[22:12:03] [main/DEBUG] [FML]:   Adding CosmeticArmorReworked-1.12.2-v5a.jar to the mod list
[22:12:03] [main/DEBUG] [FML]:   Adding backpack-3.0.2-1.12.2.jar to the mod list
[22:12:03] [main/DEBUG] [FML]:   Adding aether-1.12.2-v1.5.4.1.jar to the mod list
[22:12:03] [main/DEBUG] [FML]:   Adding Mantle-1.12-1.3.3.55.jar to the mod list
[22:12:03] [main/DEBUG] [FML]:   Adding DungeonTactics-1.12.2-0.16.9.jar to the mod list
[22:12:03] [main/DEBUG] [FML]:   Adding twilightforest-1.12.2-3.11.1021-universal.jar to the mod list
[22:12:03] [main/DEBUG] [FML]:   Adding Atum-1.12.2-2.0.20.jar to the mod list
[22:12:03] [main/DEBUG] [FML]: Examining for coremod candidacy AbyssalDepths-1.12.2-0.3.2.jar
[22:12:03] [main/DEBUG] [FML]: Not found coremod data in AbyssalDepths-1.12.2-0.3.2.jar
[22:12:03] [main/DEBUG] [FML]: Examining for coremod candidacy aether-1.12.2-v1.5.4.1.jar
[22:12:03] [main/DEBUG] [FML]: Not found coremod data in aether-1.12.2-v1.5.4.1.jar
[22:12:03] [main/DEBUG] [FML]: Examining for coremod candidacy Aquaculture-1.12.2-1.6.8.jar
[22:12:03] [main/DEBUG] [FML]: Not found coremod data in Aquaculture-1.12.2-1.6.8.jar
[22:12:03] [main/DEBUG] [FML]: Examining for coremod candidacy armoryexpansion-1.4.2.jar
[22:12:03] [main/DEBUG] [FML]: Not found coremod data in armoryexpansion-1.4.2.jar
[22:12:03] [main/DEBUG] [FML]: Examining for coremod candidacy Atum-1.12.2-2.0.20.jar
[22:12:03] [main/DEBUG] [FML]: Not found coremod data in Atum-1.12.2-2.0.20.jar
[22:12:03] [main/DEBUG] [FML]: Examining for coremod candidacy backpack-3.0.2-1.12.2.jar
[22:12:03] [main/DEBUG] [FML]: Not found coremod data in backpack-3.0.2-1.12.2.jar
[22:12:03] [main/DEBUG] [FML]: Examining for coremod candidacy Baubles-1.12-1.5.2.jar
[22:12:03] [main/DEBUG] [FML]: Not found coremod data in Baubles-1.12-1.5.2.jar
[22:12:03] [main/DEBUG] [FML]: Examining for coremod candidacy BetterDiving-1.12.2-1.5.8.jar
[22:12:03] [main/DEBUG] [FML]: Not found coremod data in BetterDiving-1.12.2-1.5.8.jar
[22:12:03] [main/DEBUG] [FML]: Examining for coremod candidacy conarm-1.12.2-1.2.5.10.jar
[22:12:03] [main/DEBUG] [FML]: Not found coremod data in conarm-1.12.2-1.2.5.10.jar
[22:12:03] [main/DEBUG] [FML]: Examining for coremod candidacy CoralReef-2.5-1.12.2.jar
[22:12:03] [main/DEBUG] [FML]: Not found coremod data in CoralReef-2.5-1.12.2.jar
[22:12:03] [main/DEBUG] [FML]: Examining for coremod candidacy CosmeticArmorReworked-1.12.2-v5a.jar
[22:12:03] [main/DEBUG] [FML]: Not found coremod data in CosmeticArmorReworked-1.12.2-v5a.jar
[22:12:03] [main/DEBUG] [FML]: Examining for coremod candidacy dldungeonsjbg-1.14.14-MC1.12.2.jar
[22:12:03] [main/DEBUG] [FML]: Not found coremod data in dldungeonsjbg-1.14.14-MC1.12.2.jar
[22:12:03] [main/DEBUG] [FML]: Examining for coremod candidacy DungeonTactics-1.12.2-0.16.9.jar
[22:12:03] [main/DEBUG] [FML]: Not found coremod data in DungeonTactics-1.12.2-0.16.9.jar
[22:12:03] [main/DEBUG] [FML]: Examining for coremod candidacy GottschCore-mc1.12.2-f14.23.5.2859-v1.15.1.jar
[22:12:03] [main/DEBUG] [FML]: Not found coremod data in GottschCore-mc1.12.2-f14.23.5.2859-v1.15.1.jar
[22:12:03] [main/DEBUG] [FML]: Examining for coremod candidacy gravestone-1.10.3.jar
[22:12:03] [main/DEBUG] [FML]: Not found coremod data in gravestone-1.10.3.jar
[22:12:03] [main/DEBUG] [FML]: Examining for coremod candidacy IgniteHUD-b0.5.4.jar
[22:12:03] [main/DEBUG] [FML]: Not found coremod data in IgniteHUD-b0.5.4.jar
[22:12:03] [main/DEBUG] [FML]: Examining for coremod candidacy InventoryTweaks-1.63.jar
[22:12:03] [main/WARN] [FML]: Found FMLCorePluginContainsFMLMod marker in InventoryTweaks-1.63.jar. This is not recommended, @Mods should be in a separate jar from the coremod.
[22:12:03] [main/DEBUG] [FML]: Instantiating coremod class FMLPlugin
[22:12:03] [main/TRACE] [FML]: coremod named Inventory Tweaks Coremod is loading
[22:12:03] [main/WARN] [FML]: The coremod invtweaks.forge.asm.FMLPlugin does not have a MCVersion annotation, it may cause issues with this version of Minecraft
[22:12:03] [main/DEBUG] [FML]: Found signing certificates for coremod Inventory Tweaks Coremod (invtweaks.forge.asm.FMLPlugin)
[22:12:03] [main/DEBUG] [FML]: Found certificate 55d2cd4f5f0961410bf7b91ef6c6bf00a766dcbe
[22:12:03] [main/DEBUG] [FML]: Added access transformer class invtweaks.forge.asm.ITAccessTransformer to enqueued access transformers
[22:12:03] [main/DEBUG] [FML]: Enqueued coremod Inventory Tweaks Coremod
[22:12:03] [main/DEBUG] [FML]: Examining for coremod candidacy jei_1.12.2-4.16.1.1013.jar
[22:12:03] [main/DEBUG] [FML]: Not found coremod data in jei_1.12.2-4.16.1.1013.jar
[22:12:03] [main/DEBUG] [FML]: Examining for coremod candidacy journeymap-1.12.2-5.7.1p3.jar
[22:12:03] [main/DEBUG] [FML]: Not found coremod data in journeymap-1.12.2-5.7.1p3.jar
[22:12:03] [main/DEBUG] [FML]: Examining for coremod candidacy levelup2-1.5.8.jar
[22:12:03] [main/INFO] [FML]: Loading tweaker org.spongepowered.asm.launch.MixinTweaker from levelup2-1.5.8.jar
[22:12:03] [main/DEBUG] [FML]: Examining for coremod candidacy Mantle-1.12-1.3.3.55.jar
[22:12:03] [main/DEBUG] [FML]: Not found coremod data in Mantle-1.12-1.3.3.55.jar
[22:12:03] [main/DEBUG] [FML]: Examining for coremod candidacy MCA-1.12.2-6.1.0-universal.jar
[22:12:03] [main/DEBUG] [FML]: Not found coremod data in MCA-1.12.2-6.1.0-universal.jar
[22:12:03] [main/DEBUG] [FML]: Examining for coremod candidacy OptiFine_1.12.2_HD_U_E3.jar
[22:12:03] [main/INFO] [FML]: Loading tweaker optifine.OptiFineForgeTweaker from OptiFine_1.12.2_HD_U_E3.jar
[22:12:03] [main/DEBUG] [FML]: Examining for coremod candidacy RoguelikeDungeons-1.12.2-1.8.0.jar
[22:12:03] [main/DEBUG] [FML]: Not found coremod data in RoguelikeDungeons-1.12.2-1.8.0.jar
[22:12:03] [main/DEBUG] [FML]: Examining for coremod candidacy Ruins-1.12.2.jar
[22:12:03] [main/DEBUG] [FML]: Not found coremod data in Ruins-1.12.2.jar
[22:12:03] [main/DEBUG] [FML]: Examining for coremod candidacy signpost-1.12.2-1.08.5.jar
[22:12:03] [main/DEBUG] [FML]: Not found coremod data in signpost-1.12.2-1.08.5.jar
[22:12:03] [main/DEBUG] [FML]: Examining for coremod candidacy simpleteleporters-1.12.2-3.0.2.jar
[22:12:03] [main/DEBUG] [FML]: Not found coremod data in simpleteleporters-1.12.2-3.0.2.jar
[22:12:03] [main/DEBUG] [FML]: Examining for coremod candidacy SpartanShields-1.12.2-1.5.5.jar
[22:12:03] [main/DEBUG] [FML]: Not found coremod data in SpartanShields-1.12.2-1.5.5.jar
[22:12:03] [main/DEBUG] [FML]: Examining for coremod candidacy specialmobs-1.0.4_for_mc1.12.2.jar
[22:12:03] [main/DEBUG] [FML]: Not found coremod data in specialmobs-1.0.4_for_mc1.12.2.jar
[22:12:03] [main/DEBUG] [FML]: Examining for coremod candidacy TConstruct-1.12.2-2.13.0.183.jar
[22:12:03] [main/DEBUG] [FML]: Not found coremod data in TConstruct-1.12.2-2.13.0.183.jar
[22:12:03] [main/DEBUG] [FML]: Examining for coremod candidacy Treasure2-mc1.12.2-f14.23.5.2859-v2.3.2.jar
[22:12:03] [main/DEBUG] [FML]: Not found coremod data in Treasure2-mc1.12.2-f14.23.5.2859-v2.3.2.jar
[22:12:03] [main/DEBUG] [FML]: Examining for coremod candidacy twilightforest-1.12.2-3.11.1021-universal.jar
[22:12:03] [main/DEBUG] [FML]: Not found coremod data in twilightforest-1.12.2-3.11.1021-universal.jar
[22:12:03] [main/INFO] [LaunchWrapper]: Loading tweak class name net.minecraftforge.fml.common.launcher.FMLInjectionAndSortingTweaker
[22:12:03] [main/INFO] [LaunchWrapper]: Loading tweak class name org.spongepowered.asm.launch.MixinTweaker
[22:12:03] [main/DEBUG] [mixin]: Mixin bootstrap service org.spongepowered.asm.service.modlauncher.MixinServiceModLauncherBootstrap is not available: ModLauncher is not available
[22:12:03] [main/DEBUG] [mixin]: MixinService [LaunchWrapper] was successfully booted in sun.misc.Launcher$AppClassLoader@135fbaa4
[22:12:03] [main/INFO] [mixin]: SpongePowered MIXIN Subsystem Version=0.8 Source=file:/workspaces/MineServer/servidor_minecraft/./mods/levelup2-1.5.8.jar Service=LaunchWrapper Env=SERVER
[22:12:03] [main/DEBUG] [mixin]: Error cleaning class output directory: .mixin.out/class: failed to delete one or more files; see suppressed exceptions for details
[22:12:03] [main/DEBUG] [mixin]: Adding new mixin transformer proxy #1
[22:12:03] [main/DEBUG] [mixin]: Initialising Mixin Platform Manager
[22:12:03] [main/DEBUG] [mixin]: Adding mixin platform agents for container ContainerHandleURI(file:/workspaces/MineServer/servidor_minecraft/./mods/levelup2-1.5.8.jar)
[22:12:03] [main/DEBUG] [mixin]: Instancing new MixinPlatformAgentFMLLegacy for ContainerHandleURI(file:/workspaces/MineServer/servidor_minecraft/./mods/levelup2-1.5.8.jar)
[22:12:03] [main/DEBUG] [mixin]: ForceLoadAsMod was specified for levelup2-1.5.8.jar, attempting force-load
[22:12:03] [main/DEBUG] [mixin]: Adding levelup2-1.5.8.jar to reparseable coremod collection
[22:12:03] [main/DEBUG] [mixin]: levelup2-1.5.8.jar has core plugin levelup2.core.LevelUpCore. Injecting it into FML for co-initialisation:
[22:12:03] [main/DEBUG] [FML]: Instantiating coremod class LevelUpCore
[22:12:03] [main/DEBUG] [FML]: The coremod levelup2.core.LevelUpCore requested minecraft version 1.12.2 and minecraft is 1.12.2. It will be loaded.
[22:12:03] [main/WARN] [FML]: The coremod LevelUpCore (levelup2.core.LevelUpCore) is not signed!
[22:12:03] [main/INFO] [mixin]: Compatibility level set to JAVA_8
[22:12:03] [main/DEBUG] [FML]: Enqueued coremod LevelUpCore
[22:12:03] [main/DEBUG] [mixin]: MixinPlatformAgentFMLLegacy accepted container ContainerHandleURI(file:/workspaces/MineServer/servidor_minecraft/./mods/levelup2-1.5.8.jar)
[22:12:03] [main/DEBUG] [mixin]: Instancing new MixinPlatformAgentLiteLoaderLegacy for ContainerHandleURI(file:/workspaces/MineServer/servidor_minecraft/./mods/levelup2-1.5.8.jar)
[22:12:03] [main/DEBUG] [mixin]: MixinPlatformAgentLiteLoaderLegacy rejected container ContainerHandleURI(file:/workspaces/MineServer/servidor_minecraft/./mods/levelup2-1.5.8.jar)
[22:12:03] [main/DEBUG] [mixin]: Instancing new MixinPlatformAgentDefault for ContainerHandleURI(file:/workspaces/MineServer/servidor_minecraft/./mods/levelup2-1.5.8.jar)
[22:12:03] [main/DEBUG] [mixin]: MixinPlatformAgentDefault accepted container ContainerHandleURI(file:/workspaces/MineServer/servidor_minecraft/./mods/levelup2-1.5.8.jar)
[22:12:03] [main/DEBUG] [mixin]: Scanning file:/workspaces/MineServer/servidor_minecraft/forge-1.12.2-14.23.5.2860.jar for mixin tweaker
[22:12:03] [main/DEBUG] [mixin]: Scanning file:/workspaces/MineServer/servidor_minecraft/./mods/InventoryTweaks-1.63.jar for mixin tweaker
[22:12:03] [main/DEBUG] [mixin]: Scanning file:/workspaces/MineServer/servidor_minecraft/./mods/levelup2-1.5.8.jar for mixin tweaker
[22:12:03] [main/DEBUG] [mixin]: Scanning file:/workspaces/MineServer/servidor_minecraft/./mods/OptiFine_1.12.2_HD_U_E3.jar for mixin tweaker
[22:12:03] [main/DEBUG] [mixin]: Adding agents for Mixin Container ContainerHandleURI(file:/workspaces/MineServer/servidor_minecraft/./mods/levelup2-1.5.8.jar)
[22:12:03] [main/INFO] [LaunchWrapper]: Loading tweak class name optifine.OptiFineForgeTweaker
[22:12:03] [main/INFO] [LaunchWrapper]: Loading tweak class name net.minecraftforge.fml.common.launcher.FMLDeobfTweaker
[22:12:03] [main/INFO] [LaunchWrapper]: Calling tweak class net.minecraftforge.fml.common.launcher.FMLInjectionAndSortingTweaker
[22:12:03] [main/INFO] [LaunchWrapper]: Calling tweak class net.minecraftforge.fml.common.launcher.FMLInjectionAndSortingTweaker
[22:12:03] [main/INFO] [LaunchWrapper]: Calling tweak class optifine.OptiFineForgeTweaker
[22:12:03] [main/INFO] [STDOUT]: [optifine.OptiFineForgeTweaker:dbg:56]: OptiFineForgeTweaker: acceptOptions
[22:12:03] [main/INFO] [STDOUT]: [optifine.OptiFineForgeTweaker:dbg:56]: OptiFineForgeTweaker: Forge server detected, skipping class transformer
[22:12:03] [main/INFO] [LaunchWrapper]: Calling tweak class net.minecraftforge.fml.relauncher.CoreModManager$FMLPluginWrapper
[22:12:03] [main/DEBUG] [FML]: Injecting coremod FMLCorePlugin \{net.minecraftforge.fml.relauncher.FMLCorePlugin\} class transformers
[22:12:03] [main/TRACE] [FML]: Registering transformer net.minecraftforge.fml.common.asm.transformers.SideTransformer
[22:12:03] [main/DEBUG] [mixin]: Preparing mixins for MixinEnvironment[PREINIT]
[22:12:03] [main/TRACE] [FML]: Registering transformer net.minecraftforge.fml.common.asm.transformers.EventSubscriptionTransformer
[22:12:03] [main/TRACE] [FML]: Registering transformer net.minecraftforge.fml.common.asm.transformers.EventSubscriberTransformer
[22:12:03] [main/TRACE] [FML]: Registering transformer net.minecraftforge.fml.common.asm.transformers.SoundEngineFixTransformer
[22:12:03] [main/DEBUG] [FML]: Injection complete
[22:12:03] [main/DEBUG] [FML]: Running coremod plugin for FMLCorePlugin \{net.minecraftforge.fml.relauncher.FMLCorePlugin\}
[22:12:03] [main/DEBUG] [FML]: Running coremod plugin FMLCorePlugin
[22:12:04] [main/DEBUG] [FML]: Read 1154 binary patches
[22:12:04] [main/DEBUG] [FML]: Loading deobfuscation resource /deobfuscation_data-1.12.2.lzma with 36076 records
[22:12:04] [main/INFO] [FML]: Found valid fingerprint for Minecraft Forge. Certificate fingerprint e3c3d50c7c986df74c645c0ac54639741c90a557
[22:12:04] [main/DEBUG] [FML]: Coremod plugin class FMLCorePlugin run successfully
[22:12:04] [main/INFO] [LaunchWrapper]: Calling tweak class net.minecraftforge.fml.relauncher.CoreModManager$FMLPluginWrapper
[22:12:04] [main/DEBUG] [FML]: Injecting coremod FMLForgePlugin \{net.minecraftforge.classloading.FMLForgePlugin\} class transformers
[22:12:04] [main/DEBUG] [FML]: Injection complete
[22:12:04] [main/DEBUG] [FML]: Running coremod plugin for FMLForgePlugin \{net.minecraftforge.classloading.FMLForgePlugin\}
[22:12:04] [main/DEBUG] [FML]: Running coremod plugin FMLForgePlugin
[22:12:04] [main/DEBUG] [FML]: Coremod plugin class FMLForgePlugin run successfully
[22:12:04] [main/INFO] [LaunchWrapper]: Calling tweak class org.spongepowered.asm.launch.MixinTweaker
[22:12:04] [main/DEBUG] [mixin]: Processing prepare() for PlatformAgent[MixinPlatformAgentFMLLegacy:ContainerHandleURI(file:/workspaces/MineServer/servidor_minecraft/./mods/levelup2-1.5.8.jar)]
[22:12:04] [main/DEBUG] [mixin]: Processing prepare() for PlatformAgent[MixinPlatformAgentDefault:ContainerHandleURI(file:/workspaces/MineServer/servidor_minecraft/./mods/levelup2-1.5.8.jar)]
[22:12:04] [main/DEBUG] [mixin]: Registering mixin config: levelup2.mixins.json
[22:12:04] [main/DEBUG] [mixin]: Processing launch tasks for PlatformAgent[MixinPlatformAgentFMLLegacy:ContainerHandleURI(file:/workspaces/MineServer/servidor_minecraft/./mods/levelup2-1.5.8.jar)]
[22:12:04] [main/DEBUG] [mixin]: Creating FML remapper adapter: org.spongepowered.asm.bridge.RemapperAdapterFML
[22:12:04] [main/INFO] [mixin]: Initialised Mixin FML Remapper Adapter with net.minecraftforge.fml.common.asm.transformers.deobf.FMLDeobfuscatingRemapper@1d3e6d34
[22:12:04] [main/DEBUG] [mixin]: Processing launch tasks for PlatformAgent[MixinPlatformAgentDefault:ContainerHandleURI(file:/workspaces/MineServer/servidor_minecraft/./mods/levelup2-1.5.8.jar)]
[22:12:04] [main/DEBUG] [mixin]: Scanning file:/workspaces/MineServer/servidor_minecraft/forge-1.12.2-14.23.5.2860.jar for mixin tweaker
[22:12:04] [main/DEBUG] [mixin]: Scanning file:/workspaces/MineServer/servidor_minecraft/./mods/InventoryTweaks-1.63.jar for mixin tweaker
[22:12:04] [main/DEBUG] [mixin]: Scanning file:/workspaces/MineServer/servidor_minecraft/./mods/levelup2-1.5.8.jar for mixin tweaker
[22:12:04] [main/DEBUG] [mixin]: Scanning file:/workspaces/MineServer/servidor_minecraft/./mods/OptiFine_1.12.2_HD_U_E3.jar for mixin tweaker
[22:12:04] [main/DEBUG] [mixin]: Scanning asmgen:/ for mixin tweaker
[22:12:04] [main/DEBUG] [mixin]: Adding agents for Mixin Container ContainerHandleURI(file:/workspaces/MineServer/servidor_minecraft/./mods/levelup2-1.5.8.jar)
[22:12:04] [main/DEBUG] [mixin]: inject() running with 1 agents
[22:12:04] [main/DEBUG] [mixin]: Processing inject() for PlatformAgent[MixinPlatformAgentFMLLegacy:ContainerHandleURI(file:/workspaces/MineServer/servidor_minecraft/./mods/levelup2-1.5.8.jar)]
[22:12:04] [main/DEBUG] [mixin]: FML agent is co-initiralising coremod instance LevelUpCore {[]} for ContainerHandleURI(file:/workspaces/MineServer/servidor_minecraft/./mods/levelup2-1.5.8.jar)
[22:12:04] [main/DEBUG] [FML]: Injecting coremod LevelUpCore \{levelup2.core.LevelUpCore\} class transformers
[22:12:04] [main/DEBUG] [FML]: Injection complete
[22:12:04] [main/DEBUG] [FML]: Running coremod plugin for LevelUpCore \{levelup2.core.LevelUpCore\}
[22:12:04] [main/DEBUG] [FML]: Running coremod plugin LevelUpCore
[22:12:04] [main/DEBUG] [FML]: Coremod plugin class LevelUpCore run successfully
[22:12:04] [main/DEBUG] [mixin]: Processing inject() for PlatformAgent[MixinPlatformAgentDefault:ContainerHandleURI(file:/workspaces/MineServer/servidor_minecraft/./mods/levelup2-1.5.8.jar)]
[22:12:04] [main/INFO] [LaunchWrapper]: Calling tweak class net.minecraftforge.fml.common.launcher.FMLDeobfTweaker
[22:12:04] [main/DEBUG] [FML]: Loaded 215 rules from AccessTransformer config file forge_at.cfg
[22:12:04] [main/DEBUG] [FML]: Loaded 12 rules from AccessTransformer config file invtweaks_at.cfg
[22:12:04] [main/DEBUG] [FML]: Loaded 8 rules from AccessTransformer mod jar file ./mods/Mantle-1.12-1.3.3.55.jar!META-INF/mantle_at.cfg

[22:12:04] [main/DEBUG] [FML]: Loaded 16 rules from AccessTransformer mod jar file ./mods/Atum-1.12.2-2.0.20.jar!META-INF/atum_at.cfg

[22:12:04] [main/DEBUG] [FML]: Loaded 1 rules from AccessTransformer mod jar file ./mods/journeymap-1.12.2-5.7.1p3.jar!META-INF/journeymap_at.cfg

[22:12:04] [main/DEBUG] [FML]: Loaded 21 rules from AccessTransformer mod jar file ./mods/twilightforest-1.12.2-3.11.1021-universal.jar!META-INF/tf_at.cfg

[22:12:04] [main/DEBUG] [FML]: Loaded 3 rules from AccessTransformer mod jar file ./mods/levelup2-1.5.8.jar!META-INF/lu_at.cfg

[22:12:04] [main/DEBUG] [FML]: Loaded 39 rules from AccessTransformer mod jar file ./mods/TConstruct-1.12.2-2.13.0.183.jar!META-INF/tconstruct_at.cfg

[22:12:04] [main/DEBUG] [FML]: Loaded 5 rules from AccessTransformer mod jar file ./mods/CosmeticArmorReworked-1.12.2-v5a.jar!META-INF/cosmeticarmorreworked_at.cfg

[22:12:04] [main/DEBUG] [FML]: Loaded 13 rules from AccessTransformer mod jar file ./mods/jei_1.12.2-4.16.1.1013.jar!META-INF/jei_at.cfg

[22:12:04] [main/DEBUG] [mixin]: Adding new mixin transformer proxy #2
[22:12:04] [main/DEBUG] [FML]: Validating minecraft
[22:12:04] [main/DEBUG] [mixin]: Preparing mixins for MixinEnvironment[INIT]
[22:12:04] [main/DEBUG] [FML]: Minecraft validated, launching...
[22:12:04] [main/INFO] [LaunchWrapper]: Calling tweak class net.minecraftforge.fml.relauncher.CoreModManager$FMLPluginWrapper
[22:12:04] [main/DEBUG] [FML]: Injecting coremod Inventory Tweaks Coremod \{invtweaks.forge.asm.FMLPlugin\} class transformers
[22:12:04] [main/TRACE] [FML]: Registering transformer invtweaks.forge.asm.ContainerTransformer
[22:12:05] [main/DEBUG] [FML]: Injection complete
[22:12:05] [main/DEBUG] [FML]: Running coremod plugin for Inventory Tweaks Coremod \{invtweaks.forge.asm.FMLPlugin\}
[22:12:05] [main/DEBUG] [FML]: Running coremod plugin Inventory Tweaks Coremod
[22:12:05] [main/DEBUG] [FML]: Coremod plugin class FMLPlugin run successfully
[22:12:05] [main/INFO] [LaunchWrapper]: Loading tweak class name net.minecraftforge.fml.common.launcher.TerminalTweaker
[22:12:05] [main/INFO] [LaunchWrapper]: Loading tweak class name org.spongepowered.asm.mixin.EnvironmentStateTweaker
[22:12:05] [main/INFO] [LaunchWrapper]: Calling tweak class net.minecraftforge.fml.common.launcher.TerminalTweaker
[22:12:05] [main/INFO] [LaunchWrapper]: Calling tweak class org.spongepowered.asm.mixin.EnvironmentStateTweaker
[22:12:05] [main/INFO] [STDOUT]: [optifine.OptiFineForgeTweaker:dbg:56]: OptiFineForgeTweaker: getLaunchArguments
[22:12:05] [main/DEBUG] [mixin]: Adding new mixin transformer proxy #3
[22:12:05] [main/DEBUG] [mixin]: Preparing mixins for MixinEnvironment[DEFAULT]
[22:12:05] [main/DEBUG] [mixin]: Selecting config levelup2.mixins.json
[22:12:05] [main/DEBUG] [mixin]: Preparing levelup2.mixins.json (2)
[22:12:05] [main/DEBUG] [mixin]: Found name transformer: net.minecraftforge.fml.common.asm.transformers.DeobfuscationTransformer
[22:12:05] [main/DEBUG] [mixin]: Rebuilding transformer delegation list:
[22:12:05] [main/DEBUG] [mixin]: Found name transformer: net.minecraftforge.fml.common.asm.transformers.DeobfuscationTransformer
[22:12:05] [main/DEBUG] [mixin]:   Adding:    net.minecraftforge.fml.common.asm.transformers.PatchingTransformer
[22:12:05] [main/DEBUG] [mixin]:   Excluding: org.spongepowered.asm.mixin.transformer.Proxy
[22:12:05] [main/DEBUG] [mixin]:   Adding:    $wrapper.net.minecraftforge.fml.common.asm.transformers.SideTransformer
[22:12:05] [main/DEBUG] [mixin]:   Excluding: $wrapper.net.minecraftforge.fml.common.asm.transformers.EventSubscriptionTransformer
[22:12:05] [main/DEBUG] [mixin]:   Adding:    $wrapper.net.minecraftforge.fml.common.asm.transformers.EventSubscriberTransformer
[22:12:05] [main/DEBUG] [mixin]:   Adding:    $wrapper.net.minecraftforge.fml.common.asm.transformers.SoundEngineFixTransformer
[22:12:05] [main/DEBUG] [mixin]:   Adding:    net.minecraftforge.fml.common.asm.transformers.DeobfuscationTransformer
[22:12:05] [main/DEBUG] [mixin]:   Adding:    net.minecraftforge.fml.common.asm.transformers.AccessTransformer
[22:12:05] [main/DEBUG] [mixin]:   Adding:    invtweaks.forge.asm.ITAccessTransformer
[22:12:05] [main/DEBUG] [mixin]:   Adding:    net.minecraftforge.fml.common.asm.transformers.ModAccessTransformer
[22:12:05] [main/DEBUG] [mixin]:   Adding:    net.minecraftforge.fml.common.asm.transformers.ItemStackTransformer
[22:12:05] [main/DEBUG] [mixin]:   Adding:    net.minecraftforge.fml.common.asm.transformers.ItemBlockTransformer
[22:12:05] [main/DEBUG] [mixin]:   Adding:    net.minecraftforge.fml.common.asm.transformers.ItemBlockSpecialTransformer
[22:12:05] [main/DEBUG] [mixin]:   Adding:    net.minecraftforge.fml.common.asm.transformers.PotionEffectTransformer
[22:12:05] [main/DEBUG] [mixin]:   Excluding: org.spongepowered.asm.mixin.transformer.Proxy
[22:12:05] [main/DEBUG] [mixin]:   Adding:    $wrapper.invtweaks.forge.asm.ContainerTransformer
[22:12:05] [main/DEBUG] [mixin]:   Excluding: net.minecraftforge.fml.common.asm.transformers.TerminalTransformer
[22:12:05] [main/DEBUG] [mixin]:   Excluding: org.spongepowered.asm.mixin.transformer.Proxy
[22:12:05] [main/DEBUG] [mixin]: Transformer delegation list created with 13 entries
[22:12:05] [main/TRACE] [mixin]: Added class metadata for net/minecraft/tileentity/TileEntityFurnace to metadata cache
[22:12:05] [main/TRACE] [mixin]: Added class metadata for net/minecraft/tileentity/TileEntityBrewingStand to metadata cache
[22:12:05] [main/DEBUG] [mixin]: Registering new injector for @Inject with org.spongepowered.asm.mixin.injection.struct.CallbackInjectionInfo
[22:12:05] [main/DEBUG] [mixin]: Registering new injector for @ModifyArg with org.spongepowered.asm.mixin.injection.struct.ModifyArgInjectionInfo
[22:12:05] [main/DEBUG] [mixin]: Registering new injector for @ModifyArgs with org.spongepowered.asm.mixin.injection.struct.ModifyArgsInjectionInfo
[22:12:05] [main/DEBUG] [mixin]: Registering new injector for @Redirect with org.spongepowered.asm.mixin.injection.struct.RedirectInjectionInfo
[22:12:05] [main/DEBUG] [mixin]: Registering new injector for @ModifyVariable with org.spongepowered.asm.mixin.injection.struct.ModifyVariableInjectionInfo
[22:12:05] [main/DEBUG] [mixin]: Registering new injector for @ModifyConstant with org.spongepowered.asm.mixin.injection.struct.ModifyConstantInjectionInfo
[22:12:05] [main/INFO] [LaunchWrapper]: Launching wrapped minecraft {net.minecraft.server.MinecraftServer}
[22:12:06] [main/DEBUG] [mixin]: Mixing MixinFurnace from levelup2.mixins.json into net.minecraft.tileentity.TileEntityFurnace
[22:12:06] [main/TRACE] [mixin]: Added class metadata for net/minecraft/tileentity/TileEntityLockable to metadata cache
[22:12:06] [main/TRACE] [mixin]: Added class metadata for net/minecraft/tileentity/TileEntity to metadata cache
[22:12:06] [main/TRACE] [mixin]: Added class metadata for net/minecraftforge/common/capabilities/ICapabilityProvider to metadata cache
[22:12:06] [main/TRACE] [mixin]: Added class metadata for levelup2/api/IProcessor to metadata cache
[22:12:06] [main/TRACE] [mixin]: Added class metadata for levelup2/skills/SkillRegistry to metadata cache
[22:12:06] [main/TRACE] [mixin]: Added class metadata for java/lang/Math to metadata cache
[22:12:06] [main/TRACE] [mixin]: Added class metadata for java/lang/Integer to metadata cache
[22:12:06] [main/TRACE] [mixin]: Added class metadata for java/lang/Number to metadata cache
[22:12:06] [main/TRACE] [mixin]: Added class metadata for java/io/Serializable to metadata cache
[22:12:06] [main/TRACE] [mixin]: Added class metadata for java/lang/Comparable to metadata cache
[22:12:06] [main/TRACE] [mixin]: Added class metadata for org/spongepowered/asm/mixin/injection/callback/CallbackInfoReturnable to metadata cache
[22:12:06] [main/TRACE] [mixin]: Added class metadata for net/minecraft/entity/player/EntityPlayer to metadata cache
[22:12:06] [main/TRACE] [mixin]: Added class metadata for net/minecraft/entity/EntityLivingBase to metadata cache
[22:12:06] [main/TRACE] [mixin]: Added class metadata for java/util/Random to metadata cache
[22:12:06] [main/TRACE] [mixin]: Added class metadata for net/minecraft/item/crafting/FurnaceRecipes to metadata cache
[22:12:06] [main/TRACE] [mixin]: Added class metadata for net/minecraft/item/ItemStack to metadata cache
[22:12:06] [main/TRACE] [mixin]: Added class metadata for levelup2/util/SmeltingBlacklist to metadata cache
[22:12:06] [main/TRACE] [mixin]: Added class metadata for levelup2/capability/PlayerCapability to metadata cache
[22:12:06] [main/TRACE] [mixin]: Added class metadata for net/minecraft/util/EnumFacing to metadata cache
[22:12:06] [main/TRACE] [mixin]: Added class metadata for net/minecraft/util/ResourceLocation to metadata cache
[22:12:06] [main/TRACE] [mixin]: Added class metadata for net/minecraftforge/common/capabilities/ICapabilitySerializable to metadata cache
[22:12:06] [main/TRACE] [mixin]: Added class metadata for net/minecraftforge/common/util/INBTSerializable to metadata cache
[22:12:06] [main/TRACE] [mixin]: Added class metadata for net/minecraft/world/ILockableContainer to metadata cache
[22:12:06] [main/TRACE] [mixin]: Added class metadata for net/minecraft/world/IInteractionObject to metadata cache
[22:12:06] [main/TRACE] [mixin]: Added class metadata for net/minecraft/world/IWorldNameable to metadata cache
[22:12:06] [main/TRACE] [mixin]: Added class metadata for net/minecraft/inventory/IInventory to metadata cache
[22:12:06] [main/TRACE] [mixin]: Added class metadata for net/minecraft/util/ITickable to metadata cache
[22:12:06] [main/TRACE] [mixin]: Added class metadata for net/minecraft/inventory/ISidedInventory to metadata cache
[22:12:06] [main/TRACE] [mixin]: Added class metadata for org/spongepowered/asm/mixin/injection/callback/CallbackInfo to metadata cache
[22:12:06] [main/DEBUG] [mixin]: Mixing MixinBrewingStand from levelup2.mixins.json into net.minecraft.tileentity.TileEntityBrewingStand
[22:12:07] [main/DEBUG] [FML]: Creating vanilla freeze snapshot
[22:12:07] [main/DEBUG] [FML]: Vanilla freeze snapshot created
[22:12:08] [Server thread/INFO] [net.minecraft.server.dedicated.DedicatedServer]: Starting minecraft server version 1.12.2
[22:12:08] [Server thread/INFO] [FML]: MinecraftForge v14.23.5.2860 Initialized
[22:12:08] [Server thread/INFO] [FML]: Starts to replace vanilla recipe ingredients with ore ingredients.
[22:12:08] [Server thread/INFO] [FML]: Invalid recipe found with multiple oredict ingredients in the same ingredient...
[22:12:08] [Server thread/INFO] [FML]: Replaced 1227 ore ingredients
[22:12:08] [Server thread/DEBUG] [FML]: File /workspaces/MineServer/servidor_minecraft/config/injectedDependencies.json not found. No dependencies injected
[22:12:08] [Server thread/DEBUG] [FML]: Building injected Mod Containers [net.minecraftforge.fml.common.FMLContainer, net.minecraftforge.common.ForgeModContainer]
[22:12:08] [Server thread/DEBUG] [FML]: Attempting to load mods contained in the minecraft jar file and associated classes
[22:12:08] [Server thread/DEBUG] [FML]: Found a minecraft related file at /workspaces/MineServer/servidor_minecraft/forge-1.12.2-14.23.5.2860.jar, examining for mod candidates
[22:12:08] [Server thread/TRACE] [FML]: Skipping known library file /workspaces/MineServer/servidor_minecraft/./mods/InventoryTweaks-1.63.jar
[22:12:08] [Server thread/TRACE] [FML]: Skipping known library file /workspaces/MineServer/servidor_minecraft/./mods/levelup2-1.5.8.jar
[22:12:08] [Server thread/TRACE] [FML]: Skipping known library file /workspaces/MineServer/servidor_minecraft/./mods/OptiFine_1.12.2_HD_U_E3.jar
[22:12:08] [Server thread/DEBUG] [FML]: Minecraft jar mods loaded successfully
[22:12:08] [Server thread/INFO] [FML]: Searching /workspaces/MineServer/servidor_minecraft/./mods for mods
[22:12:08] [Server thread/DEBUG] [FML]:   Adding simpleteleporters-1.12.2-3.0.2.jar to the mod list
[22:12:08] [Server thread/DEBUG] [FML]:   Adding Aquaculture-1.12.2-1.6.8.jar to the mod list
[22:12:08] [Server thread/DEBUG] [FML]:   Adding CoralReef-2.5-1.12.2.jar to the mod list
[22:12:08] [Server thread/DEBUG] [FML]:   Adding gravestone-1.10.3.jar to the mod list
[22:12:08] [Server thread/DEBUG] [FML]:   Adding armoryexpansion-1.4.2.jar to the mod list
[22:12:08] [Server thread/DEBUG] [FML]:   Adding SpartanShields-1.12.2-1.5.5.jar to the mod list
[22:12:08] [Server thread/DEBUG] [FML]:   Adding AbyssalDepths-1.12.2-0.3.2.jar to the mod list
[22:12:08] [Server thread/DEBUG] [FML]:   Adding TConstruct-1.12.2-2.13.0.183.jar to the mod list
[22:12:08] [Server thread/DEBUG] [FML]:   Adding Treasure2-mc1.12.2-f14.23.5.2859-v2.3.2.jar to the mod list
[22:12:08] [Server thread/DEBUG] [FML]:   Adding OptiFine_1.12.2_HD_U_E3.jar to the mod list
[22:12:08] [Server thread/DEBUG] [FML]:   Adding specialmobs-1.0.4_for_mc1.12.2.jar to the mod list
[22:12:08] [Server thread/DEBUG] [FML]:   Adding journeymap-1.12.2-5.7.1p3.jar to the mod list
[22:12:08] [Server thread/DEBUG] [FML]:   Adding MCA-1.12.2-6.1.0-universal.jar to the mod list
[22:12:08] [Server thread/DEBUG] [FML]:   Adding InventoryTweaks-1.63.jar to the mod list
[22:12:08] [Server thread/DEBUG] [FML]:   Adding levelup2-1.5.8.jar to the mod list
[22:12:08] [Server thread/DEBUG] [FML]:   Adding conarm-1.12.2-1.2.5.10.jar to the mod list
[22:12:08] [Server thread/DEBUG] [FML]:   Adding dldungeonsjbg-1.14.14-MC1.12.2.jar to the mod list
[22:12:08] [Server thread/DEBUG] [FML]:   Adding signpost-1.12.2-1.08.5.jar to the mod list
[22:12:08] [Server thread/DEBUG] [FML]:   Adding Baubles-1.12-1.5.2.jar to the mod list
[22:12:08] [Server thread/DEBUG] [FML]:   Adding Ruins-1.12.2.jar to the mod list
[22:12:08] [Server thread/DEBUG] [FML]:   Adding jei_1.12.2-4.16.1.1013.jar to the mod list
[22:12:08] [Server thread/DEBUG] [FML]:   Adding RoguelikeDungeons-1.12.2-1.8.0.jar to the mod list
[22:12:08] [Server thread/DEBUG] [FML]:   Adding IgniteHUD-b0.5.4.jar to the mod list
[22:12:08] [Server thread/DEBUG] [FML]:   Adding BetterDiving-1.12.2-1.5.8.jar to the mod list
[22:12:08] [Server thread/DEBUG] [FML]:   Adding GottschCore-mc1.12.2-f14.23.5.2859-v1.15.1.jar to the mod list
[22:12:08] [Server thread/DEBUG] [FML]:   Adding CosmeticArmorReworked-1.12.2-v5a.jar to the mod list
[22:12:08] [Server thread/DEBUG] [FML]:   Adding backpack-3.0.2-1.12.2.jar to the mod list
[22:12:08] [Server thread/DEBUG] [FML]:   Adding aether-1.12.2-v1.5.4.1.jar to the mod list
[22:12:08] [Server thread/DEBUG] [FML]:   Adding Mantle-1.12-1.3.3.55.jar to the mod list
[22:12:08] [Server thread/DEBUG] [FML]:   Adding DungeonTactics-1.12.2-0.16.9.jar to the mod list
[22:12:08] [Server thread/DEBUG] [FML]:   Adding twilightforest-1.12.2-3.11.1021-universal.jar to the mod list
[22:12:08] [Server thread/DEBUG] [FML]:   Adding Atum-1.12.2-2.0.20.jar to the mod list
[22:12:08] [Server thread/DEBUG] [FML]: Found a candidate zip or jar file AbyssalDepths-1.12.2-0.3.2.jar
[22:12:08] [Server thread/DEBUG] [FML]: Found a candidate zip or jar file aether-1.12.2-v1.5.4.1.jar
[22:12:08] [Server thread/DEBUG] [FML]: Found a candidate zip or jar file Aquaculture-1.12.2-1.6.8.jar
[22:12:08] [Server thread/DEBUG] [FML]: Found a candidate zip or jar file armoryexpansion-1.4.2.jar
[22:12:08] [Server thread/DEBUG] [FML]: Found a candidate zip or jar file Atum-1.12.2-2.0.20.jar
[22:12:08] [Server thread/DEBUG] [FML]: Found a candidate zip or jar file backpack-3.0.2-1.12.2.jar
[22:12:08] [Server thread/DEBUG] [FML]: Found a candidate zip or jar file Baubles-1.12-1.5.2.jar
[22:12:08] [Server thread/DEBUG] [FML]: Found a candidate zip or jar file BetterDiving-1.12.2-1.5.8.jar
[22:12:08] [Server thread/DEBUG] [FML]: Found a candidate zip or jar file conarm-1.12.2-1.2.5.10.jar
[22:12:08] [Server thread/DEBUG] [FML]: Found a candidate zip or jar file CoralReef-2.5-1.12.2.jar
[22:12:08] [Server thread/DEBUG] [FML]: Found a candidate zip or jar file CosmeticArmorReworked-1.12.2-v5a.jar
[22:12:08] [Server thread/DEBUG] [FML]: Found a candidate zip or jar file dldungeonsjbg-1.14.14-MC1.12.2.jar
[22:12:08] [Server thread/DEBUG] [FML]: Found a candidate zip or jar file DungeonTactics-1.12.2-0.16.9.jar
[22:12:08] [Server thread/DEBUG] [FML]: Found a candidate zip or jar file GottschCore-mc1.12.2-f14.23.5.2859-v1.15.1.jar
[22:12:08] [Server thread/DEBUG] [FML]: Found a candidate zip or jar file gravestone-1.10.3.jar
[22:12:08] [Server thread/DEBUG] [FML]: Found a candidate zip or jar file IgniteHUD-b0.5.4.jar
[22:12:08] [Server thread/DEBUG] [FML]: Found a candidate zip or jar file InventoryTweaks-1.63.jar
[22:12:08] [Server thread/DEBUG] [FML]: Found a candidate zip or jar file jei_1.12.2-4.16.1.1013.jar
[22:12:08] [Server thread/DEBUG] [FML]: Found a candidate zip or jar file journeymap-1.12.2-5.7.1p3.jar
[22:12:08] [Server thread/DEBUG] [FML]: Found a candidate zip or jar file levelup2-1.5.8.jar
[22:12:08] [Server thread/DEBUG] [FML]: Found a candidate zip or jar file Mantle-1.12-1.3.3.55.jar
[22:12:08] [Server thread/DEBUG] [FML]: Found a candidate zip or jar file MCA-1.12.2-6.1.0-universal.jar
[22:12:08] [Server thread/TRACE] [FML]: Skipping already parsed coremod or tweaker OptiFine_1.12.2_HD_U_E3.jar
[22:12:08] [Server thread/DEBUG] [FML]: Found a candidate zip or jar file RoguelikeDungeons-1.12.2-1.8.0.jar
[22:12:08] [Server thread/DEBUG] [FML]: Found a candidate zip or jar file Ruins-1.12.2.jar
[22:12:08] [Server thread/DEBUG] [FML]: Found a candidate zip or jar file signpost-1.12.2-1.08.5.jar
[22:12:08] [Server thread/DEBUG] [FML]: Found a candidate zip or jar file simpleteleporters-1.12.2-3.0.2.jar
[22:12:08] [Server thread/DEBUG] [FML]: Found a candidate zip or jar file SpartanShields-1.12.2-1.5.5.jar
[22:12:08] [Server thread/DEBUG] [FML]: Found a candidate zip or jar file specialmobs-1.0.4_for_mc1.12.2.jar
[22:12:08] [Server thread/DEBUG] [FML]: Found a candidate zip or jar file TConstruct-1.12.2-2.13.0.183.jar
[22:12:08] [Server thread/DEBUG] [FML]: Found a candidate zip or jar file Treasure2-mc1.12.2-f14.23.5.2859-v2.3.2.jar
[22:12:08] [Server thread/DEBUG] [FML]: Found a candidate zip or jar file twilightforest-1.12.2-3.11.1021-universal.jar
[22:12:08] [Server thread/DEBUG] [FML]: Examining file forge-1.12.2-14.23.5.2860.jar for potential mods
[22:12:08] [Server thread/DEBUG] [FML]: The mod container forge-1.12.2-14.23.5.2860.jar appears to be missing an mcmod.info file
[22:12:09] [Server thread/DEBUG] [FML]: Examining file AbyssalDepths-1.12.2-0.3.2.jar for potential mods
[22:12:09] [Server thread/TRACE] [FML]: Located mcmod.info file in file AbyssalDepths-1.12.2-0.3.2.jar
[22:12:09] [Server thread/DEBUG] [FML]: Identified a mod of type Lnet/minecraftforge/fml/common/Mod; (chumbanotz.abyssaldepths.AbyssalDepths) - loading
[22:12:09] [Server thread/TRACE] [FML]: Parsed dependency info for abyssaldepths: Requirements: [minecraft, forge@[14.23.5.2768,)] After:[minecraft, forge@[14.23.5.2768,)] Before:[]
[22:12:09] [Server thread/DEBUG] [FML]: Examining file aether-1.12.2-v1.5.4.1.jar for potential mods
[22:12:09] [Server thread/TRACE] [FML]: Located mcmod.info file in file aether-1.12.2-v1.5.4.1.jar
[22:12:09] [Server thread/DEBUG] [FML]: Identified a mod of type Lnet/minecraftforge/fml/common/Mod; (com.gildedgames.the_aether.Aether) - loading
[22:12:09] [Server thread/TRACE] [FML]: Parsed dependency info for aether_legacy: Requirements: [] After:[] Before:[]
[22:12:09] [Server thread/DEBUG] [FML]: Examining file Aquaculture-1.12.2-1.6.8.jar for potential mods
[22:12:09] [Server thread/TRACE] [FML]: Located mcmod.info file in file Aquaculture-1.12.2-1.6.8.jar
[22:12:09] [Server thread/DEBUG] [FML]: Identified a mod of type Lnet/minecraftforge/fml/common/Mod; (com.teammetallurgy.aquaculture.Aquaculture) - loading
[22:12:09] [Server thread/TRACE] [FML]: Parsed dependency info for aquaculture: Requirements: [] After:[] Before:[]
[22:12:09] [Server thread/DEBUG] [FML]: Examining file armoryexpansion-1.4.2.jar for potential mods
[22:12:09] [Server thread/TRACE] [FML]: Located mcmod.info file in file armoryexpansion-1.4.2.jar
[22:12:09] [Server thread/DEBUG] [FML]: Identified a mod of type Lnet/minecraftforge/fml/common/Mod; (org.softc.armoryexpansion.ArmoryExpansion) - loading
[22:12:09] [Server thread/TRACE] [FML]: Parsed dependency info for armoryexpansion: Requirements: [tconstruct, conarm] After:[tconstruct, conarm] Before:[]
[22:12:09] [Server thread/DEBUG] [FML]: Identified a mod of type Lnet/minecraftforge/fml/common/Mod; (org.softc.armoryexpansion.common.integration.modsupport.ConArmIntegration) - loading
[22:12:09] [Server thread/TRACE] [FML]: Parsed dependency info for armoryexpansion-conarm: Requirements: [armoryexpansion] After:[armoryexpansion, *] Before:[]
[22:12:09] [Server thread/DEBUG] [FML]: Identified a mod of type Lnet/minecraftforge/fml/common/Mod; (org.softc.armoryexpansion.common.integration.modsupport.CustomMaterialsIntegration) - loading
[22:12:09] [Server thread/TRACE] [FML]: Parsed dependency info for armoryexpansion-custommaterials: Requirements: [armoryexpansion] After:[armoryexpansion] Before:[]
[22:12:09] [Server thread/DEBUG] [FML]: Identified a mod of type Lnet/minecraftforge/fml/common/Mod; (org.softc.armoryexpansion.common.integration.modsupport.IceAndFireIntegration) - loading
[22:12:09] [Server thread/TRACE] [FML]: Parsed dependency info for armoryexpansion-iceandfire: Requirements: [armoryexpansion] After:[armoryexpansion, iceandfire] Before:[]
[22:12:09] [Server thread/DEBUG] [FML]: Identified a mod of type Lnet/minecraftforge/fml/common/Mod; (org.softc.armoryexpansion.common.integration.modsupport.MatterOverdriveIntegration) - loading
[22:12:09] [Server thread/TRACE] [FML]: Parsed dependency info for armoryexpansion-matteroverdrive: Requirements: [armoryexpansion] After:[armoryexpansion, matteroverdrive] Before:[]
[22:12:09] [Server thread/DEBUG] [FML]: Examining file Atum-1.12.2-2.0.20.jar for potential mods
[22:12:09] [Server thread/TRACE] [FML]: Located mcmod.info file in file Atum-1.12.2-2.0.20.jar
[22:12:09] [Server thread/DEBUG] [FML]: Identified a mod of type Lnet/minecraftforge/fml/common/Mod; (com.teammetallurgy.atum.Atum) - loading
[22:12:09] [Server thread/TRACE] [FML]: Parsed dependency info for atum: Requirements: [forge@[14.23.5.2768,)] After:[forge@[14.23.5.2768,), baubles] Before:[]
[22:12:09] [Server thread/DEBUG] [FML]: Examining file backpack-3.0.2-1.12.2.jar for potential mods
[22:12:09] [Server thread/TRACE] [FML]: Located mcmod.info file in file backpack-3.0.2-1.12.2.jar
[22:12:09] [Server thread/DEBUG] [FML]: Identified a mod of type Lnet/minecraftforge/fml/common/Mod; (de.eydamos.backpack.Backpack) - loading
[22:12:09] [Server thread/TRACE] [FML]: Parsed dependency info for backpack: Requirements: [] After:[] Before:[]
[22:12:09] [Server thread/DEBUG] [FML]: Examining file Baubles-1.12-1.5.2.jar for potential mods
[22:12:09] [Server thread/TRACE] [FML]: Located mcmod.info file in file Baubles-1.12-1.5.2.jar
[22:12:09] [Server thread/DEBUG] [FML]: Identified a mod of type Lnet/minecraftforge/fml/common/Mod; (baubles.common.Baubles) - loading
[22:12:09] [Server thread/TRACE] [FML]: Parsed dependency info for baubles: Requirements: [forge@[14.21.0.2348,)] After:[forge@[14.21.0.2348,)] Before:[]
[22:12:09] [Server thread/DEBUG] [FML]: Examining file BetterDiving-1.12.2-1.5.8.jar for potential mods
[22:12:09] [Server thread/TRACE] [FML]: Located mcmod.info file in file BetterDiving-1.12.2-1.5.8.jar
[22:12:09] [Server thread/DEBUG] [FML]: Identified a mod of type Lnet/minecraftforge/fml/common/Mod; (meldexun.better_diving.BetterDiving) - loading
[22:12:09] [Server thread/TRACE] [FML]: Parsed dependency info for better_diving: Requirements: [] After:[] Before:[]
[22:12:09] [Server thread/DEBUG] [FML]: Examining file conarm-1.12.2-1.2.5.10.jar for potential mods
[22:12:09] [Server thread/TRACE] [FML]: Located mcmod.info file in file conarm-1.12.2-1.2.5.10.jar
[22:12:09] [Server thread/DEBUG] [FML]: Identified a mod of type Lnet/minecraftforge/fml/common/Mod; (c4.conarm.ConstructsArmory) - loading
[22:12:09] [Server thread/TRACE] [FML]: Parsed dependency info for conarm: Requirements: [tconstruct@[1.12.2-2.13.0.171,), forge@[14.23.4.2745,), mantle@[1.12-1.3.1,)] After:[forge@[14.23.4.2745,), mantle@[1.12-1.3.1,), tconstruct@[1.12.2-2.13.0.171,), contenttweaker@(1.12.2-4.7.0,), crafttweaker@[1.12-4.1.20.564,)] Before:[]
[22:12:09] [Server thread/DEBUG] [FML]: Examining file CoralReef-2.5-1.12.2.jar for potential mods
[22:12:09] [Server thread/TRACE] [FML]: Located mcmod.info file in file CoralReef-2.5-1.12.2.jar
[22:12:09] [Server thread/DEBUG] [FML]: Identified a mod of type Lnet/minecraftforge/fml/common/Mod; (primetoxinz.coralreef.CoralReef) - loading
[22:12:09] [Server thread/TRACE] [FML]: Parsed dependency info for coralreef: Requirements: [] After:[] Before:[]
[22:12:09] [Server thread/DEBUG] [FML]: Examining file CosmeticArmorReworked-1.12.2-v5a.jar for potential mods
[22:12:09] [Server thread/TRACE] [FML]: Located mcmod.info file in file CosmeticArmorReworked-1.12.2-v5a.jar
[22:12:09] [Server thread/DEBUG] [FML]: Identified a mod of type Lnet/minecraftforge/fml/common/Mod; (lain.mods.cos.CosmeticArmorReworked) - loading
[22:12:09] [Server thread/TRACE] [FML]: Using mcmod dependency info for cosmeticarmorreworked: [forge] [] []
[22:12:09] [Server thread/DEBUG] [FML]: Attempting to load the file version.properties from CosmeticArmorReworked-1.12.2-v5a.jar to locate a version number for mod cosmeticarmorreworked
[22:12:09] [Server thread/WARN] [FML]: Mod cosmeticarmorreworked is missing the required element 'version' and a version.properties file could not be found. Falling back to metadata version 1.12.2-v5a
[22:12:09] [Server thread/DEBUG] [FML]: Examining file dldungeonsjbg-1.14.14-MC1.12.2.jar for potential mods
[22:12:09] [Server thread/TRACE] [FML]: Located mcmod.info file in file dldungeonsjbg-1.14.14-MC1.12.2.jar
[22:12:09] [Server thread/DEBUG] [FML]: Identified a mod of type Lnet/minecraftforge/fml/common/Mod; (jaredbgreat.dldungeons.DoomlikeDungeons) - loading
[22:12:09] [Server thread/TRACE] [FML]: Parsed dependency info for dldungeonsjbg: Requirements: [] After:[] Before:[]
[22:12:09] [Server thread/DEBUG] [FML]: Examining file DungeonTactics-1.12.2-0.16.9.jar for potential mods
[22:12:09] [Server thread/TRACE] [FML]: Located mcmod.info file in file DungeonTactics-1.12.2-0.16.9.jar
[22:12:09] [Server thread/DEBUG] [FML]: Identified a mod of type Lnet/minecraftforge/fml/common/Mod; (pegbeard.dungeontactics.DungeonTactics) - loading
[22:12:09] [Server thread/TRACE] [FML]: Parsed dependency info for dungeontactics: Requirements: [] After:[] Before:[]
[22:12:09] [Server thread/DEBUG] [FML]: Examining file GottschCore-mc1.12.2-f14.23.5.2859-v1.15.1.jar for potential mods
[22:12:09] [Server thread/TRACE] [FML]: Located mcmod.info file in file GottschCore-mc1.12.2-f14.23.5.2859-v1.15.1.jar
[22:12:09] [Server thread/DEBUG] [FML]: Identified a mod of type Lnet/minecraftforge/fml/common/Mod; (com.someguyssoftware.gottschcore.GottschCore) - loading
[22:12:09] [Server thread/TRACE] [FML]: Parsed dependency info for gottschcore: Requirements: [forge@[14.23.5.2854,)] After:[forge@[14.23.5.2854,)] Before:[]
[22:12:09] [Server thread/DEBUG] [FML]: Examining file gravestone-1.10.3.jar for potential mods
[22:12:09] [Server thread/TRACE] [FML]: Located mcmod.info file in file gravestone-1.10.3.jar
[22:12:09] [Server thread/DEBUG] [FML]: Identified a mod of type Lnet/minecraftforge/fml/common/Mod; (de.maxhenkel.gravestone.Main) - loading
[22:12:09] [Server thread/TRACE] [FML]: Parsed dependency info for gravestone: Requirements: [] After:[] Before:[]
[22:12:09] [Server thread/DEBUG] [FML]: Examining file IgniteHUD-b0.5.4.jar for potential mods
[22:12:09] [Server thread/TRACE] [FML]: Located mcmod.info file in file IgniteHUD-b0.5.4.jar
[22:12:09] [Server thread/DEBUG] [FML]: Identified a mod of type Lnet/minecraftforge/fml/common/Mod; (com.deadzoke.ignitehud.IgniteHUD) - loading
[22:12:09] [Server thread/INFO] [FML]: Disabling mod ignitehud it is client side only.
[22:12:09] [Server thread/DEBUG] [FML]: Skipping mod com.deadzoke.ignitehud.IgniteHUD, container opted to not load.
[22:12:09] [Server thread/DEBUG] [FML]: Examining file InventoryTweaks-1.63.jar for potential mods
[22:12:09] [Server thread/TRACE] [FML]: Located mcmod.info file in file InventoryTweaks-1.63.jar
[22:12:09] [Server thread/DEBUG] [FML]: Identified a mod of type Lnet/minecraftforge/fml/common/Mod; (invtweaks.forge.InvTweaksMod) - loading
[22:12:09] [Server thread/TRACE] [FML]: Parsed dependency info for inventorytweaks: Requirements: [forge@[14.21.0,)] After:[forge@[14.21.0,)] Before:[]
[22:12:09] [Server thread/DEBUG] [FML]: Attempting to load the file version.properties from InventoryTweaks-1.63.jar to locate a version number for mod inventorytweaks
[22:12:09] [Server thread/DEBUG] [FML]: Found version 1.63+release.109.220f184 for mod inventorytweaks in version.properties, using
[22:12:09] [Server thread/DEBUG] [FML]: Examining file jei_1.12.2-4.16.1.1013.jar for potential mods
[22:12:09] [Server thread/TRACE] [FML]: Located mcmod.info file in file jei_1.12.2-4.16.1.1013.jar
[22:12:09] [Server thread/DEBUG] [FML]: Identified a mod of type Lnet/minecraftforge/fml/common/Mod; (mezz.jei.JustEnoughItems) - loading
[22:12:09] [Server thread/TRACE] [FML]: Parsed dependency info for jei: Requirements: [forge@[14.23.5.2816,)] After:[forge@[14.23.5.2816,)] Before:[]
[22:12:09] [Server thread/DEBUG] [FML]: Examining file journeymap-1.12.2-5.7.1p3.jar for potential mods
[22:12:09] [Server thread/TRACE] [FML]: Located mcmod.info file in file journeymap-1.12.2-5.7.1p3.jar
[22:12:09] [Server thread/DEBUG] [FML]: Identified a mod of type Lnet/minecraftforge/fml/common/Mod; (journeymap.common.Journeymap) - loading
[22:12:09] [Server thread/TRACE] [FML]: Using mcmod dependency info for journeymap: [] [Forge@[14.23.5.2768,)] []
[22:12:09] [Server thread/DEBUG] [FML]: Examining file levelup2-1.5.8.jar for potential mods
[22:12:09] [Server thread/TRACE] [FML]: Located mcmod.info file in file levelup2-1.5.8.jar
[22:12:10] [Server thread/DEBUG] [FML]: Identified a mod of type Lnet/minecraftforge/fml/common/Mod; (levelup2.LevelUp2) - loading
[22:12:10] [Server thread/TRACE] [FML]: Parsed dependency info for levelup2: Requirements: [] After:[] Before:[]
[22:12:10] [Server thread/DEBUG] [FML]: Examining file Mantle-1.12-1.3.3.55.jar for potential mods
[22:12:10] [Server thread/TRACE] [FML]: Located mcmod.info file in file Mantle-1.12-1.3.3.55.jar
[22:12:10] [Server thread/DEBUG] [FML]: Identified a mod of type Lnet/minecraftforge/fml/common/Mod; (slimeknights.mantle.Mantle) - loading
[22:12:10] [Server thread/TRACE] [FML]: Parsed dependency info for mantle: Requirements: [forge@[14.21.1.2387,)] After:[forge@[14.21.1.2387,)] Before:[]
[22:12:10] [Server thread/DEBUG] [FML]: Examining file MCA-1.12.2-6.1.0-universal.jar for potential mods
[22:12:10] [Server thread/TRACE] [FML]: Located mcmod.info file in file MCA-1.12.2-6.1.0-universal.jar
[22:12:10] [Server thread/DEBUG] [FML]: Identified a mod of type Lnet/minecraftforge/fml/common/Mod; (mca.core.MCA) - loading
[22:12:10] [Server thread/TRACE] [FML]: Parsed dependency info for mca: Requirements: [] After:[] Before:[]
[22:12:10] [Server thread/DEBUG] [FML]: Examining file RoguelikeDungeons-1.12.2-1.8.0.jar for potential mods
[22:12:10] [Server thread/TRACE] [FML]: Located mcmod.info file in file RoguelikeDungeons-1.12.2-1.8.0.jar
[22:12:10] [Server thread/DEBUG] [FML]: Identified a mod of type Lnet/minecraftforge/fml/common/Mod; (greymerk.roguelike.Roguelike) - loading
[22:12:10] [Server thread/TRACE] [FML]: Parsed dependency info for roguelike: Requirements: [] After:[] Before:[]
[22:12:10] [Server thread/DEBUG] [FML]: Examining file Ruins-1.12.2.jar for potential mods
[22:12:10] [Server thread/TRACE] [FML]: Located mcmod.info file in file Ruins-1.12.2.jar
[22:12:10] [Server thread/DEBUG] [FML]: Identified a mod of type Lnet/minecraftforge/fml/common/Mod; (atomicstryker.ruins.common.RuinsMod) - loading
[22:12:10] [Server thread/TRACE] [FML]: Parsed dependency info for ruins: Requirements: [] After:[extrabiomes] Before:[]
[22:12:10] [Server thread/DEBUG] [FML]: Examining file signpost-1.12.2-1.08.5.jar for potential mods
[22:12:10] [Server thread/TRACE] [FML]: Located mcmod.info file in file signpost-1.12.2-1.08.5.jar
[22:12:10] [Server thread/DEBUG] [FML]: Identified a mod of type Lnet/minecraftforge/fml/common/Mod; (gollorum.signpost.Signpost) - loading
[22:12:10] [Server thread/TRACE] [FML]: Parsed dependency info for signpost: Requirements: [] After:[] Before:[]
[22:12:10] [Server thread/DEBUG] [FML]: Examining file simpleteleporters-1.12.2-3.0.2.jar for potential mods
[22:12:10] [Server thread/TRACE] [FML]: Located mcmod.info file in file simpleteleporters-1.12.2-3.0.2.jar
[22:12:10] [Server thread/DEBUG] [FML]: Identified a mod of type Lnet/minecraftforge/fml/common/Mod; (party.lemons.simpleteleporters.SimpleTeleporters) - loading
[22:12:10] [Server thread/TRACE] [FML]: Using mcmod dependency info for lteleporters: [] [] []
[22:12:10] [Server thread/DEBUG] [FML]: Examining file SpartanShields-1.12.2-1.5.5.jar for potential mods
[22:12:10] [Server thread/TRACE] [FML]: Located mcmod.info file in file SpartanShields-1.12.2-1.5.5.jar
[22:12:10] [Server thread/DEBUG] [FML]: Identified a mod of type Lnet/minecraftforge/fml/common/Mod; (com.oblivioussp.spartanshields.ModSpartanShields) - loading
[22:12:10] [Server thread/TRACE] [FML]: Parsed dependency info for spartanshields: Requirements: [] After:[redstoneflux, enderio, rftools, botania, redstonearsenal, abyssalcraft, betterwithmods, thaumcraft] Before:[]
[22:12:10] [Server thread/DEBUG] [FML]: Examining file specialmobs-1.0.4_for_mc1.12.2.jar for potential mods
[22:12:10] [Server thread/TRACE] [FML]: Located mcmod.info file in file specialmobs-1.0.4_for_mc1.12.2.jar
[22:12:10] [Server thread/DEBUG] [FML]: Identified a mod of type Lnet/minecraftforge/fml/common/Mod; (fathertoast.specialmobs.SpecialMobsMod) - loading
[22:12:10] [Server thread/TRACE] [FML]: Parsed dependency info for specialmobs: Requirements: [] After:[] Before:[]
[22:12:10] [Server thread/DEBUG] [FML]: Examining file TConstruct-1.12.2-2.13.0.183.jar for potential mods
[22:12:10] [Server thread/TRACE] [FML]: Located mcmod.info file in file TConstruct-1.12.2-2.13.0.183.jar
[22:12:10] [Server thread/DEBUG] [FML]: Identified a mod of type Lnet/minecraftforge/fml/common/Mod; (slimeknights.tconstruct.TConstruct) - loading
[22:12:10] [Server thread/TRACE] [FML]: Parsed dependency info for tconstruct: Requirements: [mantle@[1.12-1.3.3.49,), forge@[14.23.1.2577,)] After:[forge@[14.23.1.2577,), mantle@[1.12-1.3.3.49,), jei@[4.8,), chisel, quark@[r1.6-177,)] Before:[taiga@(1.3.0,)]
[22:12:10] [Server thread/DEBUG] [FML]: Examining file Treasure2-mc1.12.2-f14.23.5.2859-v2.3.2.jar for potential mods
[22:12:10] [Server thread/TRACE] [FML]: Located mcmod.info file in file Treasure2-mc1.12.2-f14.23.5.2859-v2.3.2.jar
[22:12:10] [Server thread/DEBUG] [FML]: Identified a mod of type Lnet/minecraftforge/fml/common/Mod; (com.someguyssoftware.treasure2.Treasure) - loading
[22:12:10] [Server thread/TRACE] [FML]: Parsed dependency info for treasure2: Requirements: [gottschcore@[1.15.0,)] After:[gottschcore@[1.15.0,)] Before:[]
[22:12:10] [Server thread/DEBUG] [FML]: Examining file twilightforest-1.12.2-3.11.1021-universal.jar for potential mods
[22:12:10] [Server thread/TRACE] [FML]: Located mcmod.info file in file twilightforest-1.12.2-3.11.1021-universal.jar
[22:12:10] [Server thread/DEBUG] [FML]: Identified a mod of type Lnet/minecraftforge/fml/common/Mod; (twilightforest.TwilightForestMod) - loading
[22:12:10] [Server thread/TRACE] [FML]: Parsed dependency info for twilightforest: Requirements: [forge@[14.23.5.2813,)] After:[ctm@[MC1.12.2-0.3.2.18,), forge@[14.23.5.2813,), thaumcraft@[6.1.BETA21,)] Before:[immersiveengineering@[0.12-83,), tconstruct]
[22:12:10] [Server thread/INFO] [FML]: Forge Mod Loader has identified 38 mods to load
[22:12:10] [Server thread/DEBUG] [FML]: Found API baubles.api (owned by Baubles providing Baubles|API) embedded in baubles
[22:12:10] [Server thread/DEBUG] [FML]: Found API lain.mods.cos.api (owned by cosmeticarmorreworked providing cosmeticarmorreworked|api) embedded in cosmeticarmorreworked
[22:12:10] [Server thread/DEBUG] [FML]: Found API journeymap.client.api (owned by journeymap providing journeymap|client-api) embedded in journeymap
[22:12:10] [Server thread/DEBUG] [FML]: Found API mezz.jei.api (owned by jei providing JustEnoughItemsAPI) embedded in jei
[22:12:10] [Server thread/DEBUG] [FML]: Found API journeymap.client.api.display (owned by journeymap providing journeymap|client-api-display) embedded in journeymap
[22:12:10] [Server thread/DEBUG] [FML]: Found API jaredbgreat.dldungeons.api (owned by DLDungeonsJBG providing DLDungeonsAPI) embedded in dldungeonsjbg
[22:12:10] [Server thread/DEBUG] [FML]: Found API journeymap.client.api.util (owned by journeymap providing journeymap|client-api-util) embedded in journeymap
[22:12:10] [Server thread/DEBUG] [FML]: Found API journeymap.client.api.event (owned by journeymap providing journeymap|client-api-event) embedded in journeymap
[22:12:10] [Server thread/DEBUG] [FML]: Found API com.gildedgames.the_aether.api (owned by aether_legacy providing AetherAPI) embedded in aether_legacy
[22:12:10] [Server thread/DEBUG] [FML]: Found API journeymap.client.api.model (owned by journeymap providing journeymap|client-api-model) embedded in journeymap
[22:12:10] [Server thread/DEBUG] [FML]: Found API com.teammetallurgy.atum.api (owned by atum providing AtumAPI) embedded in atum
[22:12:10] [Server thread/DEBUG] [FML]: Creating API container dummy for API Baubles|API: owner: Baubles, dependents: [baubles]
[22:12:10] [Server thread/DEBUG] [FML]: Creating API container dummy for API AetherAPI: owner: aether_legacy, dependents: []
[22:12:10] [Server thread/DEBUG] [FML]: Creating API container dummy for API JustEnoughItemsAPI: owner: jei, dependents: []
[22:12:10] [Server thread/DEBUG] [FML]: Creating API container dummy for API journeymap|client-api-model: owner: journeymap, dependents: []
[22:12:10] [Server thread/DEBUG] [FML]: Creating API container dummy for API journeymap|client-api: owner: journeymap, dependents: []
[22:12:10] [Server thread/DEBUG] [FML]: Creating API container dummy for API journeymap|client-api-display: owner: journeymap, dependents: []
[22:12:10] [Server thread/DEBUG] [FML]: Creating API container dummy for API AtumAPI: owner: atum, dependents: []
[22:12:10] [Server thread/DEBUG] [FML]: Creating API container dummy for API journeymap|client-api-event: owner: journeymap, dependents: []
[22:12:10] [Server thread/DEBUG] [FML]: Creating API container dummy for API DLDungeonsAPI: owner: DLDungeonsJBG, dependents: [dldungeonsjbg]
[22:12:10] [Server thread/DEBUG] [FML]: Creating API container dummy for API journeymap|client-api-util: owner: journeymap, dependents: []
[22:12:10] [Server thread/DEBUG] [FML]: Creating API container dummy for API cosmeticarmorreworked|api: owner: cosmeticarmorreworked, dependents: []
[22:12:10] [Server thread/TRACE] [FML]: Received a system property request ''
[22:12:10] [Server thread/TRACE] [FML]: System property request managing the state of 0 mods
[22:12:10] [Server thread/DEBUG] [FML]: After merging, found state information for 0 mods
[22:12:10] [Server thread/WARN] [FML]: Missing English translation for FML: assets/fml/lang/en_us.lang
[22:12:10] [Server thread/DEBUG] [FML]: Enabling mod abyssaldepths
[22:12:10] [Server thread/DEBUG] [FML]: Enabling mod aether_legacy
[22:12:10] [Server thread/DEBUG] [FML]: Enabling mod aquaculture
[22:12:10] [Server thread/DEBUG] [FML]: Enabling mod armoryexpansion
[22:12:10] [Server thread/DEBUG] [FML]: Enabling mod armoryexpansion-conarm
[22:12:10] [Server thread/WARN] [FML]: Missing English translation for armoryexpansion-conarm: assets/armoryexpansion-conarm/lang/en_us.lang
[22:12:10] [Server thread/DEBUG] [FML]: Enabling mod armoryexpansion-custommaterials
[22:12:10] [Server thread/WARN] [FML]: Missing English translation for armoryexpansion-custommaterials: assets/armoryexpansion-custommaterials/lang/en_us.lang
[22:12:10] [Server thread/DEBUG] [FML]: Enabling mod armoryexpansion-iceandfire
[22:12:10] [Server thread/WARN] [FML]: Missing English translation for armoryexpansion-iceandfire: assets/armoryexpansion-iceandfire/lang/en_us.lang
[22:12:10] [Server thread/DEBUG] [FML]: Enabling mod armoryexpansion-matteroverdrive
[22:12:10] [Server thread/WARN] [FML]: Missing English translation for armoryexpansion-matteroverdrive: assets/armoryexpansion-matteroverdrive/lang/en_us.lang
[22:12:10] [Server thread/DEBUG] [FML]: Enabling mod atum
[22:12:10] [Server thread/DEBUG] [FML]: Enabling mod backpack
[22:12:10] [Server thread/DEBUG] [FML]: Enabling mod baubles
[22:12:10] [Server thread/DEBUG] [FML]: Enabling mod better_diving
[22:12:10] [Server thread/DEBUG] [FML]: Enabling mod conarm
[22:12:10] [Server thread/DEBUG] [FML]: Enabling mod coralreef
[22:12:10] [Server thread/DEBUG] [FML]: Enabling mod cosmeticarmorreworked
[22:12:10] [Server thread/DEBUG] [FML]: Enabling mod dldungeonsjbg
[22:12:10] [Server thread/WARN] [FML]: Missing English translation for dldungeonsjbg: assets/dldungeonsjbg/lang/en_us.lang
[22:12:10] [Server thread/DEBUG] [FML]: Enabling mod dungeontactics
[22:12:10] [Server thread/DEBUG] [FML]: Enabling mod gottschcore
[22:12:10] [Server thread/WARN] [FML]: Missing English translation for gottschcore: assets/gottschcore/lang/en_us.lang
[22:12:10] [Server thread/DEBUG] [FML]: Enabling mod gravestone
[22:12:10] [Server thread/DEBUG] [FML]: Enabling mod inventorytweaks
[22:12:10] [Server thread/DEBUG] [FML]: Enabling mod jei
[22:12:10] [Server thread/DEBUG] [FML]: Enabling mod journeymap
[22:12:10] [Server thread/DEBUG] [FML]: Enabling mod levelup2
[22:12:10] [Server thread/DEBUG] [FML]: Enabling mod mantle
[22:12:10] [Server thread/WARN] [FML]: Missing English translation for mantle: assets/mantle/lang/en_us.lang
[22:12:10] [Server thread/DEBUG] [FML]: Enabling mod mca
[22:12:10] [Server thread/DEBUG] [FML]: Enabling mod roguelike
[22:12:10] [Server thread/WARN] [FML]: Missing English translation for roguelike: assets/roguelike/lang/en_us.lang
[22:12:10] [Server thread/DEBUG] [FML]: Enabling mod ruins
[22:12:10] [Server thread/WARN] [FML]: Missing English translation for ruins: assets/ruins/lang/en_us.lang
[22:12:10] [Server thread/DEBUG] [FML]: Enabling mod signpost
[22:12:10] [Server thread/DEBUG] [FML]: Enabling mod lteleporters
[22:12:10] [Server thread/DEBUG] [FML]: Enabling mod spartanshields
[22:12:10] [Server thread/DEBUG] [FML]: Enabling mod specialmobs
[22:12:10] [Server thread/DEBUG] [FML]: Enabling mod tconstruct
[22:12:10] [Server thread/DEBUG] [FML]: Enabling mod treasure2
[22:12:10] [Server thread/DEBUG] [FML]: Enabling mod twilightforest
[22:12:10] [Server thread/TRACE] [FML]: Verifying mod requirements are satisfied
[22:12:10] [Server thread/TRACE] [FML]: All mod requirements are satisfied
[22:12:10] [Server thread/TRACE] [FML]: Sorting mods into an ordered list
[22:12:10] [Server thread/TRACE] [FML]: Mod sorting completed successfully
[22:12:10] [Server thread/DEBUG] [FML]: Mod sorting data
[22:12:10] [Server thread/DEBUG] [FML]: 	abyssaldepths(Abyssal Depths:1.12.2-0.3.2): AbyssalDepths-1.12.2-0.3.2.jar (required-after:minecraft;required-after:forge@[14.23.5.2768,);)
[22:12:10] [Server thread/DEBUG] [FML]: 	aether_legacy(The Aether:1.5.4.1): aether-1.12.2-v1.5.4.1.jar ()
[22:12:10] [Server thread/DEBUG] [FML]: 	aquaculture(Aquaculture:1.6.8): Aquaculture-1.12.2-1.6.8.jar ()
[22:12:10] [Server thread/DEBUG] [FML]: 	mantle(Mantle:1.12-1.3.3.55): Mantle-1.12-1.3.3.55.jar (required-after:forge@[14.21.1.2387,))
[22:12:10] [Server thread/DEBUG] [FML]: 	jei(Just Enough Items:4.16.1.1013): jei_1.12.2-4.16.1.1013.jar (required-after:forge@[14.23.5.2816,);)
[22:12:10] [Server thread/DEBUG] [FML]: 	twilightforest(The Twilight Forest:3.11.1021): twilightforest-1.12.2-3.11.1021-universal.jar (after:ctm@[MC1.12.2-0.3.2.18,);before:immersiveengineering@[0.12-83,);before:tconstruct;required-after:forge@[14.23.5.2813,);after:thaumcraft@[6.1.BETA21,))
[22:12:10] [Server thread/DEBUG] [FML]: 	tconstruct(Tinkers' Construct:1.12.2-2.13.0.183): TConstruct-1.12.2-2.13.0.183.jar (required-after:forge@[14.23.1.2577,);required-after:mantle@[1.12-1.3.3.49,);after:jei@[4.8,);before:taiga@(1.3.0,);after:chisel;after:quark@[r1.6-177,))
[22:12:10] [Server thread/DEBUG] [FML]: 	conarm(Construct's Armory:1.2.5.10): conarm-1.12.2-1.2.5.10.jar (required-after:forge@[14.23.4.2745,);required-after:mantle@[1.12-1.3.1,);required-after:tconstruct@[1.12.2-2.13.0.171,);after:contenttweaker@(1.12.2-4.7.0,);after:crafttweaker@[1.12-4.1.20.564,))
[22:12:10] [Server thread/DEBUG] [FML]: 	armoryexpansion(Armory Expansion:1.4.2): armoryexpansion-1.4.2.jar (required-after:tconstruct; required-after:conarm; )
[22:12:10] [Server thread/DEBUG] [FML]: 	armoryexpansion-custommaterials(Armory Expansion - Custom Materials:1.4.2): armoryexpansion-1.4.2.jar (required-after:armoryexpansion; )
[22:12:10] [Server thread/DEBUG] [FML]: 	armoryexpansion-iceandfire(Armory Expansion - Ice and Fire:1.4.2): armoryexpansion-1.4.2.jar (required-after:armoryexpansion; after:iceandfire; )
[22:12:10] [Server thread/DEBUG] [FML]: 	armoryexpansion-matteroverdrive(Armory Expansion - MatterOverdrive:1.4.2): armoryexpansion-1.4.2.jar (required-after:armoryexpansion; after:matteroverdrive; )
[22:12:10] [Server thread/DEBUG] [FML]: 	Baubles|API(API: Baubles|API:1.4.0.2): Baubles-1.12-1.5.2.jar ()
[22:12:10] [Server thread/DEBUG] [FML]: 	baubles(Baubles:1.5.2): Baubles-1.12-1.5.2.jar (required-after:forge@[14.21.0.2348,);)
[22:12:10] [Server thread/DEBUG] [FML]: 	atum(Atum 2:2.0.20): Atum-1.12.2-2.0.20.jar (required-after:forge@[14.23.5.2768,);after:baubles)
[22:12:10] [Server thread/DEBUG] [FML]: 	backpack(Backpack:3.0.2): backpack-3.0.2-1.12.2.jar ()
[22:12:10] [Server thread/DEBUG] [FML]: 	better_diving(Better Diving:1.5.8): BetterDiving-1.12.2-1.5.8.jar ()
[22:12:10] [Server thread/DEBUG] [FML]: 	coralreef(Coralreef:2.0): CoralReef-2.5-1.12.2.jar ()
[22:12:10] [Server thread/DEBUG] [FML]: 	cosmeticarmorreworked(CosmeticArmorReworked:1.12.2-v5a): CosmeticArmorReworked-1.12.2-v5a.jar ()
[22:12:10] [Server thread/DEBUG] [FML]: 	DLDungeonsAPI(API: DLDungeonsAPI:1.1): dldungeonsjbg-1.14.14-MC1.12.2.jar ()
[22:12:10] [Server thread/DEBUG] [FML]: 	dldungeonsjbg(Doomlike Dungeons:1.14.14): dldungeonsjbg-1.14.14-MC1.12.2.jar ()
[22:12:10] [Server thread/DEBUG] [FML]: 	dungeontactics(DungeonTactics:DT-0.16.9): DungeonTactics-1.12.2-0.16.9.jar ()
[22:12:10] [Server thread/DEBUG] [FML]: 	gottschcore(GottschCore:1.15.1): GottschCore-mc1.12.2-f14.23.5.2859-v1.15.1.jar (required-after:forge@[14.23.5.2854,))
[22:12:10] [Server thread/DEBUG] [FML]: 	gravestone(Gravestone Mod:1.10.3): gravestone-1.10.3.jar ()
[22:12:10] [Server thread/DEBUG] [FML]: 	inventorytweaks(Inventory Tweaks:1.63+release.109.220f184): InventoryTweaks-1.63.jar (required-after:forge@[14.21.0,))
[22:12:10] [Server thread/DEBUG] [FML]: 	journeymap(JourneyMap:1.12.2-5.7.1p3): journeymap-1.12.2-5.7.1p3.jar ()
[22:12:10] [Server thread/DEBUG] [FML]: 	levelup2(Level Up! Reloaded:${version}): levelup2-1.5.8.jar ()
[22:12:10] [Server thread/DEBUG] [FML]: 	mca(Minecraft Comes Alive:6.1.0): MCA-1.12.2-6.1.0-universal.jar ()
[22:12:10] [Server thread/DEBUG] [FML]: 	roguelike(Roguelike Dungeons:1.8.0): RoguelikeDungeons-1.12.2-1.8.0.jar ()
[22:12:10] [Server thread/DEBUG] [FML]: 	ruins(Ruins Mod:17.2): Ruins-1.12.2.jar (after:extrabiomes)
[22:12:10] [Server thread/DEBUG] [FML]: 	signpost(Signpost:1.08.5): signpost-1.12.2-1.08.5.jar ()
[22:12:10] [Server thread/DEBUG] [FML]: 	lteleporters(Simple Teleporters:1.12.2-3.0.2): simpleteleporters-1.12.2-3.0.2.jar ()
[22:12:10] [Server thread/DEBUG] [FML]: 	spartanshields(Spartan Shields:1.5.5): SpartanShields-1.12.2-1.5.5.jar (after:redstoneflux;after:enderio;after:rftools;after:botania;after:redstonearsenal;after:abyssalcraft;after:betterwithmods;after:thaumcraft)
[22:12:10] [Server thread/DEBUG] [FML]: 	specialmobs(Special Mobs:1.0.4_for_mc1.12.2): specialmobs-1.0.4_for_mc1.12.2.jar ()
[22:12:10] [Server thread/DEBUG] [FML]: 	treasure2(Treasure2!:2.3.2): Treasure2-mc1.12.2-f14.23.5.2859-v2.3.2.jar (required-after:gottschcore@[1.15.0,))
[22:12:10] [Server thread/DEBUG] [FML]: 	AetherAPI(API: AetherAPI:v1.0.0): aether-1.12.2-v1.5.4.1.jar ()
[22:12:10] [Server thread/DEBUG] [FML]: 	JustEnoughItemsAPI(API: JustEnoughItemsAPI:4.13.0): jei_1.12.2-4.16.1.1013.jar ()
[22:12:10] [Server thread/DEBUG] [FML]: 	journeymap|client-api-model(API: journeymap|client-api-model:1.4): journeymap-1.12.2-5.7.1p3.jar ()
[22:12:10] [Server thread/DEBUG] [FML]: 	journeymap|client-api(API: journeymap|client-api:1.4): journeymap-1.12.2-5.7.1p3.jar ()
[22:12:10] [Server thread/DEBUG] [FML]: 	journeymap|client-api-display(API: journeymap|client-api-display:1.4): journeymap-1.12.2-5.7.1p3.jar ()
[22:12:10] [Server thread/DEBUG] [FML]: 	AtumAPI(API: AtumAPI:0.0.2): Atum-1.12.2-2.0.20.jar ()
[22:12:10] [Server thread/DEBUG] [FML]: 	journeymap|client-api-event(API: journeymap|client-api-event:1.4): journeymap-1.12.2-5.7.1p3.jar ()
[22:12:10] [Server thread/DEBUG] [FML]: 	journeymap|client-api-util(API: journeymap|client-api-util:1.4): journeymap-1.12.2-5.7.1p3.jar ()
[22:12:10] [Server thread/DEBUG] [FML]: 	cosmeticarmorreworked|api(API: cosmeticarmorreworked|api:1.0.0): CosmeticArmorReworked-1.12.2-v5a.jar ()
[22:12:10] [Server thread/DEBUG] [FML]: 	armoryexpansion-conarm(Armory Expansion - Construct's Armory:1.4.2): armoryexpansion-1.4.2.jar (required-after:armoryexpansion; after:*)
[22:12:10] [Server thread/INFO] [FML]: FML has found a non-mod file IgniteHUD-b0.5.4.jar in your mods directory. It will now be injected into your classpath. This could severe stability issues, it should be removed if possible.
[22:12:10] [Server thread/DEBUG] [FML]: Loading @Config anotation data
[22:12:10] [Server thread/TRACE] [FML]: Sending event FMLConstructionEvent to mod minecraft
[22:12:10] [Server thread/TRACE] [FML]: Sent event FMLConstructionEvent to mod minecraft
[22:12:10] [Server thread/DEBUG] [FML]: Bar Step: Construction - Minecraft took 0.001s
[22:12:10] [Server thread/TRACE] [FML]: Sending event FMLConstructionEvent to mod mcp
[22:12:10] [Server thread/TRACE] [FML]: Sent event FMLConstructionEvent to mod mcp
[22:12:10] [Server thread/DEBUG] [FML]: Bar Step: Construction - Minecraft Coder Pack took 0.001s
[22:12:10] [Server thread/TRACE] [FML]: Sending event FMLConstructionEvent to mod FML
[22:12:10] [Server thread/TRACE] [FML]: Mod FML is using network checker : Invoking method checkModLists
[22:12:10] [Server thread/TRACE] [FML]: Testing mod FML to verify it accepts its own version in a remote connection
[22:12:10] [Server thread/TRACE] [FML]: The mod FML accepts its own version (8.0.99.99)
[22:12:10] [Server thread/INFO] [FML]: Attempting connection with missing mods [minecraft, mcp, FML, forge, abyssaldepths, aether_legacy, aquaculture, armoryexpansion, armoryexpansion-conarm, armoryexpansion-custommaterials, armoryexpansion-iceandfire, armoryexpansion-matteroverdrive, atum, backpack, baubles, better_diving, conarm, coralreef, cosmeticarmorreworked, dldungeonsjbg, dungeontactics, gottschcore, gravestone, inventorytweaks, jei, journeymap, levelup2, mantle, mca, roguelike, ruins, signpost, lteleporters, spartanshields, specialmobs, tconstruct, treasure2, twilightforest] at CLIENT
[22:12:10] [Server thread/INFO] [FML]: Attempting connection with missing mods [minecraft, mcp, FML, forge, abyssaldepths, aether_legacy, aquaculture, armoryexpansion, armoryexpansion-conarm, armoryexpansion-custommaterials, armoryexpansion-iceandfire, armoryexpansion-matteroverdrive, atum, backpack, baubles, better_diving, conarm, coralreef, cosmeticarmorreworked, dldungeonsjbg, dungeontactics, gottschcore, gravestone, inventorytweaks, jei, journeymap, levelup2, mantle, mca, roguelike, ruins, signpost, lteleporters, spartanshields, specialmobs, tconstruct, treasure2, twilightforest] at SERVER
[22:12:11] [Server thread/TRACE] [FML]: Sent event FMLConstructionEvent to mod FML
[22:12:11] [Server thread/DEBUG] [FML]: Bar Step: Construction - Forge Mod Loader took 0.397s
[22:12:11] [Server thread/TRACE] [FML]: Sending event FMLConstructionEvent to mod forge
[22:12:11] [Server thread/DEBUG] [forge]: Loading Vanilla annotations: null
[22:12:11] [Server thread/DEBUG] [forge]: Preloading CrashReport Classes
[22:12:11] [Server thread/DEBUG] [forge]: 	net/minecraftforge/common/util/TextTable
[22:12:11] [Server thread/DEBUG] [forge]: 	net/minecraftforge/common/util/TextTable$Alignment
[22:12:11] [Server thread/DEBUG] [forge]: 	net/minecraftforge/common/util/TextTable$Column
[22:12:11] [Server thread/DEBUG] [forge]: 	net/minecraftforge/common/util/TextTable$Row
[22:12:11] [Server thread/DEBUG] [forge]: 	net/minecraftforge/fml/client/SplashProgress$1
[22:12:11] [Server thread/DEBUG] [forge]: 	net/minecraftforge/fml/common/FMLCommonHandler$1
[22:12:11] [Server thread/DEBUG] [forge]: 	net/minecraftforge/fml/common/Loader$1
[22:12:11] [Server thread/TRACE] [FML]: Mod forge is using network checker : No network checking performed
[22:12:11] [Server thread/TRACE] [FML]: Testing mod forge to verify it accepts its own version in a remote connection
[22:12:11] [Server thread/TRACE] [FML]: The mod forge accepts its own version (14.23.5.2860)
[22:12:11] [Server thread/DEBUG] [FML]: Attempting to inject @Config classes into forge for type INSTANCE
[22:12:11] [Server thread/TRACE] [FML]: Sent event FMLConstructionEvent to mod forge
[22:12:11] [Server thread/DEBUG] [FML]: Bar Step: Construction - Minecraft Forge took 0.028s
[22:12:11] [Server thread/TRACE] [FML]: Sending event FMLConstructionEvent to mod abyssaldepths
[22:12:11] [Server thread/TRACE] [FML]: Mod abyssaldepths is using network checker : Accepting version 1.12.2-0.3.2
[22:12:11] [Server thread/TRACE] [FML]: Testing mod abyssaldepths to verify it accepts its own version in a remote connection
[22:12:11] [Server thread/TRACE] [FML]: The mod abyssaldepths accepts its own version (1.12.2-0.3.2)
[22:12:11] [Server thread/DEBUG] [FML]: Attempting to inject @SidedProxy classes into abyssaldepths
[22:12:11] [Server thread/DEBUG] [FML]: Attempting to inject @EventBusSubscriber classes into the eventbus for abyssaldepths
[22:12:11] [Server thread/DEBUG] [FML]: Registering @EventBusSubscriber for chumbanotz.abyssaldepths.RegistryHandler for mod abyssaldepths
[22:12:11] [Server thread/DEBUG] [FML]: Injected @EventBusSubscriber class chumbanotz.abyssaldepths.RegistryHandler
[22:12:11] [Server thread/DEBUG] [FML]: Registering @EventBusSubscriber for chumbanotz.abyssaldepths.EventHandler for mod abyssaldepths
[22:12:11] [Server thread/DEBUG] [FML]: Injected @EventBusSubscriber class chumbanotz.abyssaldepths.EventHandler
[22:12:11] [Server thread/DEBUG] [FML]: Attempting to inject @Config classes into abyssaldepths for type INSTANCE
[22:12:11] [Server thread/TRACE] [FML]: Sent event FMLConstructionEvent to mod abyssaldepths
[22:12:11] [Server thread/DEBUG] [FML]: Bar Step: Construction - Abyssal Depths took 0.054s
[22:12:11] [Server thread/TRACE] [FML]: Sending event FMLConstructionEvent to mod aether_legacy
[22:12:11] [Server thread/TRACE] [FML]: Mod aether_legacy is using network checker : Accepting version 1.5.4.1
[22:12:11] [Server thread/TRACE] [FML]: Testing mod aether_legacy to verify it accepts its own version in a remote connection
[22:12:11] [Server thread/TRACE] [FML]: The mod aether_legacy accepts its own version (1.5.4.1)
[22:12:11] [Server thread/DEBUG] [FML]: Attempting to inject @SidedProxy classes into aether_legacy
[22:12:11] [Server thread/DEBUG] [FML]: Attempting to inject @EventBusSubscriber classes into the eventbus for aether_legacy
[22:12:11] [Server thread/DEBUG] [FML]: Registering @EventBusSubscriber for com.gildedgames.the_aether.api.AetherAPI for mod aether_legacy
[22:12:11] [Server thread/DEBUG] [FML]: Injected @EventBusSubscriber class com.gildedgames.the_aether.api.AetherAPI
[22:12:11] [Server thread/DEBUG] [FML]: Registering @EventBusSubscriber for com.gildedgames.the_aether.AetherConfig$EventHandler for mod aether_legacy
[22:12:11] [Server thread/DEBUG] [FML]: Injected @EventBusSubscriber class com.gildedgames.the_aether.AetherConfig$EventHandler
[22:12:11] [Server thread/DEBUG] [FML]: Attempting to inject @Config classes into aether_legacy for type INSTANCE
[22:12:11] [Server thread/TRACE] [FML]: Sent event FMLConstructionEvent to mod aether_legacy
[22:12:11] [Server thread/DEBUG] [FML]: Bar Step: Construction - The Aether took 0.033s
[22:12:11] [Server thread/TRACE] [FML]: Sending event FMLConstructionEvent to mod aquaculture
[22:12:11] [Server thread/TRACE] [FML]: Mod aquaculture is using network checker : Accepting version 1.6.8
[22:12:11] [Server thread/TRACE] [FML]: Testing mod aquaculture to verify it accepts its own version in a remote connection
[22:12:11] [Server thread/TRACE] [FML]: The mod aquaculture accepts its own version (1.6.8)
[22:12:11] [Server thread/DEBUG] [FML]: Attempting to inject @SidedProxy classes into aquaculture
[22:12:11] [Server thread/DEBUG] [FML]: Attempting to inject @EventBusSubscriber classes into the eventbus for aquaculture
[22:12:11] [Server thread/DEBUG] [FML]: Registering @EventBusSubscriber for com.teammetallurgy.aquaculture.handlers.AquacultureRecipes for mod aquaculture
[22:12:11] [Server thread/DEBUG] [FML]: Injected @EventBusSubscriber class com.teammetallurgy.aquaculture.handlers.AquacultureRecipes
[22:12:11] [Server thread/DEBUG] [FML]: Registering @EventBusSubscriber for com.teammetallurgy.aquaculture.handlers.Config for mod aquaculture
[22:12:11] [Server thread/DEBUG] [FML]: Injected @EventBusSubscriber class com.teammetallurgy.aquaculture.handlers.Config
[22:12:11] [Server thread/DEBUG] [FML]: Attempting to inject @Config classes into aquaculture for type INSTANCE
[22:12:11] [Server thread/TRACE] [FML]: Sent event FMLConstructionEvent to mod aquaculture
[22:12:11] [Server thread/DEBUG] [FML]: Bar Step: Construction - Aquaculture took 0.008s
[22:12:11] [Server thread/TRACE] [FML]: Sending event FMLConstructionEvent to mod mantle
[22:12:11] [Server thread/DEBUG] [forge]: Preloading CrashReport Classes
[22:12:11] [Server thread/DEBUG] [forge]: 	slimeknights/mantle/pulsar/internal/CrashHandler
[22:12:11] [Server thread/TRACE] [FML]: Mod mantle is using network checker : Accepting version 1.12-1.3.3.55
[22:12:11] [Server thread/TRACE] [FML]: Testing mod mantle to verify it accepts its own version in a remote connection
[22:12:11] [Server thread/TRACE] [FML]: The mod mantle accepts its own version (1.12-1.3.3.55)
[22:12:11] [Server thread/DEBUG] [FML]: Attempting to inject @SidedProxy classes into mantle
[22:12:11] [Server thread/DEBUG] [FML]: Attempting to inject @EventBusSubscriber classes into the eventbus for mantle
[22:12:11] [Server thread/DEBUG] [FML]: Attempting to inject @Config classes into mantle for type INSTANCE
[22:12:11] [Server thread/TRACE] [FML]: Sent event FMLConstructionEvent to mod mantle
[22:12:11] [Server thread/DEBUG] [FML]: Bar Step: Construction - Mantle took 0.005s
[22:12:11] [Server thread/TRACE] [FML]: Sending event FMLConstructionEvent to mod jei
[22:12:11] [Server thread/TRACE] [FML]: Mod jei is using network checker : Invoking method checkModLists
[22:12:11] [Server thread/TRACE] [FML]: Testing mod jei to verify it accepts its own version in a remote connection
[22:12:11] [Server thread/TRACE] [FML]: The mod jei accepts its own version (4.16.1.1013)
[22:12:11] [Server thread/DEBUG] [FML]: Attempting to inject @SidedProxy classes into jei
[22:12:11] [Server thread/DEBUG] [FML]: Attempting to inject @EventBusSubscriber classes into the eventbus for jei
[22:12:11] [Server thread/DEBUG] [FML]: Attempting to inject @Config classes into jei for type INSTANCE
[22:12:11] [Server thread/TRACE] [FML]: Sent event FMLConstructionEvent to mod jei
[22:12:11] [Server thread/DEBUG] [FML]: Bar Step: Construction - Just Enough Items took 0.007s
[22:12:11] [Server thread/TRACE] [FML]: Sending event FMLConstructionEvent to mod twilightforest
[22:12:11] [Server thread/TRACE] [FML]: Mod twilightforest is using network checker : Accepting version 3.11.1021
[22:12:11] [Server thread/TRACE] [FML]: Testing mod twilightforest to verify it accepts its own version in a remote connection
[22:12:11] [Server thread/TRACE] [FML]: The mod twilightforest accepts its own version (3.11.1021)
[22:12:11] [Server thread/DEBUG] [FML]: Attempting to inject @SidedProxy classes into twilightforest
[22:12:11] [Server thread/DEBUG] [FML]: Attempting to inject @EventBusSubscriber classes into the eventbus for twilightforest
[22:12:11] [Server thread/DEBUG] [FML]: Registering @EventBusSubscriber for twilightforest.item.ItemTFFieryPick for mod twilightforest
[22:12:11] [Server thread/DEBUG] [FML]: Injected @EventBusSubscriber class twilightforest.item.ItemTFFieryPick
[22:12:11] [Server thread/DEBUG] [FML]: Registering @EventBusSubscriber for twilightforest.TFEventListener for mod twilightforest
[22:12:11] [Server thread/DEBUG] [FML]: Injected @EventBusSubscriber class twilightforest.TFEventListener
[22:12:11] [Server thread/DEBUG] [FML]: Registering @EventBusSubscriber for twilightforest.item.RegisterItemEvent for mod twilightforest
[22:12:11] [Server thread/DEBUG] [FML]: Injected @EventBusSubscriber class twilightforest.item.RegisterItemEvent
[22:12:11] [Server thread/DEBUG] [FML]: Registering @EventBusSubscriber for twilightforest.TFConfig for mod twilightforest
[22:12:11] [Server thread/DEBUG] [FML]: Injected @EventBusSubscriber class twilightforest.TFConfig
[22:12:11] [Server thread/DEBUG] [FML]: Registering @EventBusSubscriber for twilightforest.block.RegisterBlockEvent for mod twilightforest
[22:12:11] [Server thread/DEBUG] [FML]: Injected @EventBusSubscriber class twilightforest.block.RegisterBlockEvent
[22:12:11] [Server thread/DEBUG] [FML]: Registering @EventBusSubscriber for twilightforest.item.recipe.TFRecipes for mod twilightforest
[22:12:11] [Server thread/DEBUG] [FML]: Injected @EventBusSubscriber class twilightforest.item.recipe.TFRecipes
[22:12:11] [Server thread/DEBUG] [FML]: Registering @EventBusSubscriber for twilightforest.entity.TFEntities for mod twilightforest
[22:12:11] [Server thread/DEBUG] [FML]: Injected @EventBusSubscriber class twilightforest.entity.TFEntities
[22:12:11] [Server thread/DEBUG] [FML]: Registering @EventBusSubscriber for twilightforest.item.ItemTFKnightlySword for mod twilightforest
[22:12:11] [Server thread/DEBUG] [FML]: Injected @EventBusSubscriber class twilightforest.item.ItemTFKnightlySword
[22:12:11] [Server thread/DEBUG] [FML]: Registering @EventBusSubscriber for twilightforest.item.ItemTFMinotaurAxe for mod twilightforest
[22:12:11] [Server thread/DEBUG] [FML]: Injected @EventBusSubscriber class twilightforest.item.ItemTFMinotaurAxe
[22:12:11] [Server thread/DEBUG] [FML]: Registering @EventBusSubscriber for twilightforest.TFSounds for mod twilightforest
[22:12:11] [Server thread/DEBUG] [FML]: Injected @EventBusSubscriber class twilightforest.TFSounds
[22:12:11] [Server thread/DEBUG] [FML]: Registering @EventBusSubscriber for twilightforest.potions.TFRegisterPotionEvent for mod twilightforest
[22:12:11] [Server thread/DEBUG] [FML]: Injected @EventBusSubscriber class twilightforest.potions.TFRegisterPotionEvent
[22:12:11] [Server thread/DEBUG] [FML]: Registering @EventBusSubscriber for twilightforest.biomes.RegistryBiomeEvent for mod twilightforest
[22:12:11] [Server thread/DEBUG] [FML]: Injected @EventBusSubscriber class twilightforest.biomes.RegistryBiomeEvent
[22:12:11] [Server thread/DEBUG] [FML]: Registering @EventBusSubscriber for twilightforest.TFTickHandler for mod twilightforest
[22:12:11] [Server thread/DEBUG] [FML]: Injected @EventBusSubscriber class twilightforest.TFTickHandler
[22:12:11] [Server thread/DEBUG] [FML]: Attempting to inject @Config classes into twilightforest for type INSTANCE
[22:12:11] [Server thread/TRACE] [FML]: Sent event FMLConstructionEvent to mod twilightforest
[22:12:11] [Server thread/DEBUG] [FML]: Bar Step: Construction - The Twilight Forest took 0.336s
[22:12:11] [Server thread/TRACE] [FML]: Sending event FMLConstructionEvent to mod tconstruct
[22:12:11] [Server thread/DEBUG] [Pulsar-tconstruct]: Attaching [PulseManager[tconstruct]] to event bus for container [FMLMod:tconstruct{1.12.2-2.13.0.183}]
[22:12:11] [Server thread/WARN] [FML]: Patcher expecting empty class data file for net.minecraft.block.state.BlockStateContainer$Builder, but received non-empty
[22:12:11] [Server thread/INFO] [Pulsar-tconstruct]: Skipping Pulse chiselIntegration; missing dependency: chisel
[22:12:11] [Server thread/INFO] [Pulsar-tconstruct]: Skipping Pulse chiselsandbitsIntegration; missing dependency: chiselsandbits
[22:12:11] [Server thread/INFO] [Pulsar-tconstruct]: Skipping Pulse craftingtweaksIntegration; missing dependency: craftingtweaks
[22:12:11] [Server thread/INFO] [Pulsar-tconstruct]: Skipping Pulse wailaIntegration; missing dependency: waila
[22:12:11] [Server thread/INFO] [Pulsar-tconstruct]: Skipping Pulse theoneprobeIntegration; missing dependency: theoneprobe
[22:12:11] [Server thread/INFO] [Pulsar-tconstruct]: Skipping Pulse quarkIntegration; missing dependency: quark
[22:12:11] [Server thread/INFO] [tconstruct]: Preparing to take over the world
[22:12:11] [Server thread/TRACE] [FML]: Mod tconstruct is using network checker : Invoking method matchModVersions
[22:12:11] [Server thread/TRACE] [FML]: Testing mod tconstruct to verify it accepts its own version in a remote connection
[22:12:11] [Server thread/TRACE] [FML]: The mod tconstruct accepts its own version (1.12.2-2.13.0.183)
[22:12:11] [Server thread/DEBUG] [FML]: Attempting to inject @SidedProxy classes into tconstruct
[22:12:12] [Server thread/DEBUG] [FML]: Attempting to inject @EventBusSubscriber classes into the eventbus for tconstruct
[22:12:12] [Server thread/DEBUG] [FML]: Registering @EventBusSubscriber for slimeknights.tconstruct.tools.common.inventory.ContainerCraftingStation for mod tconstruct
[22:12:12] [Server thread/DEBUG] [FML]: Injected @EventBusSubscriber class slimeknights.tconstruct.tools.common.inventory.ContainerCraftingStation
[22:12:12] [Server thread/DEBUG] [FML]: Registering @EventBusSubscriber for slimeknights.tconstruct.common.Sounds for mod tconstruct
[22:12:12] [Server thread/DEBUG] [FML]: Injected @EventBusSubscriber class slimeknights.tconstruct.common.Sounds
[22:12:12] [Server thread/DEBUG] [FML]: Attempting to inject @Config classes into tconstruct for type INSTANCE
[22:12:12] [Server thread/TRACE] [FML]: Sent event FMLConstructionEvent to mod tconstruct
[22:12:12] [Server thread/DEBUG] [FML]: Bar Step: Construction - Tinkers' Construct took 0.478s
[22:12:12] [Server thread/TRACE] [FML]: Sending event FMLConstructionEvent to mod conarm
[22:12:12] [Server thread/TRACE] [FML]: Mod conarm is using network checker : Accepting version 1.2.5.10
[22:12:12] [Server thread/TRACE] [FML]: Testing mod conarm to verify it accepts its own version in a remote connection
[22:12:12] [Server thread/TRACE] [FML]: The mod conarm accepts its own version (1.2.5.10)
[22:12:12] [Server thread/DEBUG] [FML]: Attempting to inject @SidedProxy classes into conarm
[22:12:12] [Server thread/DEBUG] [FML]: Attempting to inject @EventBusSubscriber classes into the eventbus for conarm
[22:12:12] [Server thread/DEBUG] [FML]: Registering @EventBusSubscriber for c4.conarm.common.ConfigHandler$ConfigEventHandler for mod conarm
[22:12:12] [Server thread/DEBUG] [FML]: Injected @EventBusSubscriber class c4.conarm.common.ConfigHandler$ConfigEventHandler
[22:12:12] [Server thread/DEBUG] [FML]: Registering @EventBusSubscriber for c4.conarm.proxy.CommonProxy for mod conarm
[22:12:12] [Server thread/DEBUG] [FML]: Injected @EventBusSubscriber class c4.conarm.proxy.CommonProxy
[22:12:12] [Server thread/DEBUG] [FML]: Attempting to inject @Config classes into conarm for type INSTANCE
[22:12:12] [Server thread/TRACE] [FML]: Sent event FMLConstructionEvent to mod conarm
[22:12:12] [Server thread/DEBUG] [FML]: Bar Step: Construction - Construct's Armory took 0.043s
[22:12:12] [Server thread/TRACE] [FML]: Sending event FMLConstructionEvent to mod armoryexpansion
[22:12:12] [Server thread/TRACE] [FML]: Mod armoryexpansion is using network checker : Accepting version 1.4.2
[22:12:12] [Server thread/TRACE] [FML]: Testing mod armoryexpansion to verify it accepts its own version in a remote connection
[22:12:12] [Server thread/TRACE] [FML]: The mod armoryexpansion accepts its own version (1.4.2)
[22:12:12] [Server thread/DEBUG] [FML]: Attempting to inject @SidedProxy classes into armoryexpansion
[22:12:12] [Server thread/DEBUG] [FML]: Attempting to inject @EventBusSubscriber classes into the eventbus for armoryexpansion
[22:12:12] [Server thread/DEBUG] [FML]: Registering @EventBusSubscriber for org.softc.armoryexpansion.ArmoryExpansion for mod armoryexpansion
[22:12:12] [Server thread/DEBUG] [FML]: Injected @EventBusSubscriber class org.softc.armoryexpansion.ArmoryExpansion
[22:12:12] [Server thread/DEBUG] [FML]: Skipping @EventBusSubscriber injection for org.softc.armoryexpansion.common.integration.modsupport.MatterOverdriveIntegration since it is not for mod armoryexpansion
[22:12:12] [Server thread/DEBUG] [FML]: Skipping @EventBusSubscriber injection for org.softc.armoryexpansion.common.integration.modsupport.IceAndFireIntegration since it is not for mod armoryexpansion
[22:12:12] [Server thread/DEBUG] [FML]: Skipping @EventBusSubscriber injection for org.softc.armoryexpansion.common.integration.modsupport.ConArmIntegration since it is not for mod armoryexpansion
[22:12:12] [Server thread/DEBUG] [FML]: Skipping @EventBusSubscriber injection for org.softc.armoryexpansion.common.integration.modsupport.CustomMaterialsIntegration since it is not for mod armoryexpansion
[22:12:12] [Server thread/DEBUG] [FML]: Attempting to inject @Config classes into armoryexpansion for type INSTANCE
[22:12:12] [Server thread/TRACE] [FML]: Sent event FMLConstructionEvent to mod armoryexpansion
[22:12:12] [Server thread/DEBUG] [FML]: Bar Step: Construction - Armory Expansion took 0.003s
[22:12:12] [Server thread/TRACE] [FML]: Sending event FMLConstructionEvent to mod armoryexpansion-custommaterials
[22:12:12] [Server thread/TRACE] [FML]: Mod armoryexpansion-custommaterials is using network checker : Accepting version 1.4.2
[22:12:12] [Server thread/TRACE] [FML]: Testing mod armoryexpansion-custommaterials to verify it accepts its own version in a remote connection
[22:12:12] [Server thread/TRACE] [FML]: The mod armoryexpansion-custommaterials accepts its own version (1.4.2)
[22:12:12] [Server thread/DEBUG] [FML]: Attempting to inject @SidedProxy classes into armoryexpansion-custommaterials
[22:12:12] [Server thread/DEBUG] [FML]: Attempting to inject @EventBusSubscriber classes into the eventbus for armoryexpansion-custommaterials
[22:12:12] [Server thread/DEBUG] [FML]: Skipping @EventBusSubscriber injection for org.softc.armoryexpansion.ArmoryExpansion since it is not for mod armoryexpansion-custommaterials
[22:12:12] [Server thread/DEBUG] [FML]: Skipping @EventBusSubscriber injection for org.softc.armoryexpansion.common.integration.modsupport.MatterOverdriveIntegration since it is not for mod armoryexpansion-custommaterials
[22:12:12] [Server thread/DEBUG] [FML]: Skipping @EventBusSubscriber injection for org.softc.armoryexpansion.common.integration.modsupport.IceAndFireIntegration since it is not for mod armoryexpansion-custommaterials
[22:12:12] [Server thread/DEBUG] [FML]: Skipping @EventBusSubscriber injection for org.softc.armoryexpansion.common.integration.modsupport.ConArmIntegration since it is not for mod armoryexpansion-custommaterials
[22:12:12] [Server thread/DEBUG] [FML]: Registering @EventBusSubscriber for org.softc.armoryexpansion.common.integration.modsupport.CustomMaterialsIntegration for mod armoryexpansion-custommaterials
[22:12:12] [Server thread/DEBUG] [FML]: Injected @EventBusSubscriber class org.softc.armoryexpansion.common.integration.modsupport.CustomMaterialsIntegration
[22:12:12] [Server thread/DEBUG] [FML]: Attempting to inject @Config classes into armoryexpansion-custommaterials for type INSTANCE
[22:12:12] [Server thread/TRACE] [FML]: Sent event FMLConstructionEvent to mod armoryexpansion-custommaterials
[22:12:12] [Server thread/DEBUG] [FML]: Bar Step: Construction - Armory Expansion - Custom Materials took 0.041s
[22:12:12] [Server thread/TRACE] [FML]: Sending event FMLConstructionEvent to mod armoryexpansion-iceandfire
[22:12:12] [Server thread/TRACE] [FML]: Mod armoryexpansion-iceandfire is using network checker : Accepting version 1.4.2
[22:12:12] [Server thread/TRACE] [FML]: Testing mod armoryexpansion-iceandfire to verify it accepts its own version in a remote connection
[22:12:12] [Server thread/TRACE] [FML]: The mod armoryexpansion-iceandfire accepts its own version (1.4.2)
[22:12:12] [Server thread/DEBUG] [FML]: Attempting to inject @SidedProxy classes into armoryexpansion-iceandfire
[22:12:12] [Server thread/DEBUG] [FML]: Attempting to inject @EventBusSubscriber classes into the eventbus for armoryexpansion-iceandfire
[22:12:12] [Server thread/DEBUG] [FML]: Skipping @EventBusSubscriber injection for org.softc.armoryexpansion.ArmoryExpansion since it is not for mod armoryexpansion-iceandfire
[22:12:12] [Server thread/DEBUG] [FML]: Skipping @EventBusSubscriber injection for org.softc.armoryexpansion.common.integration.modsupport.MatterOverdriveIntegration since it is not for mod armoryexpansion-iceandfire
[22:12:12] [Server thread/DEBUG] [FML]: Registering @EventBusSubscriber for org.softc.armoryexpansion.common.integration.modsupport.IceAndFireIntegration for mod armoryexpansion-iceandfire
[22:12:12] [Server thread/DEBUG] [FML]: Injected @EventBusSubscriber class org.softc.armoryexpansion.common.integration.modsupport.IceAndFireIntegration
[22:12:12] [Server thread/DEBUG] [FML]: Skipping @EventBusSubscriber injection for org.softc.armoryexpansion.common.integration.modsupport.ConArmIntegration since it is not for mod armoryexpansion-iceandfire
[22:12:12] [Server thread/DEBUG] [FML]: Skipping @EventBusSubscriber injection for org.softc.armoryexpansion.common.integration.modsupport.CustomMaterialsIntegration since it is not for mod armoryexpansion-iceandfire
[22:12:12] [Server thread/DEBUG] [FML]: Attempting to inject @Config classes into armoryexpansion-iceandfire for type INSTANCE
[22:12:12] [Server thread/TRACE] [FML]: Sent event FMLConstructionEvent to mod armoryexpansion-iceandfire
[22:12:12] [Server thread/DEBUG] [FML]: Bar Step: Construction - Armory Expansion - Ice and Fire took 0.004s
[22:12:12] [Server thread/TRACE] [FML]: Sending event FMLConstructionEvent to mod armoryexpansion-matteroverdrive
[22:12:12] [Server thread/TRACE] [FML]: Mod armoryexpansion-matteroverdrive is using network checker : Accepting version 1.4.2
[22:12:12] [Server thread/TRACE] [FML]: Testing mod armoryexpansion-matteroverdrive to verify it accepts its own version in a remote connection
[22:12:12] [Server thread/TRACE] [FML]: The mod armoryexpansion-matteroverdrive accepts its own version (1.4.2)
[22:12:12] [Server thread/DEBUG] [FML]: Attempting to inject @SidedProxy classes into armoryexpansion-matteroverdrive
[22:12:12] [Server thread/DEBUG] [FML]: Attempting to inject @EventBusSubscriber classes into the eventbus for armoryexpansion-matteroverdrive
[22:12:12] [Server thread/DEBUG] [FML]: Skipping @EventBusSubscriber injection for org.softc.armoryexpansion.ArmoryExpansion since it is not for mod armoryexpansion-matteroverdrive
[22:12:12] [Server thread/DEBUG] [FML]: Registering @EventBusSubscriber for org.softc.armoryexpansion.common.integration.modsupport.MatterOverdriveIntegration for mod armoryexpansion-matteroverdrive
[22:12:12] [Server thread/DEBUG] [FML]: Injected @EventBusSubscriber class org.softc.armoryexpansion.common.integration.modsupport.MatterOverdriveIntegration
[22:12:12] [Server thread/DEBUG] [FML]: Skipping @EventBusSubscriber injection for org.softc.armoryexpansion.common.integration.modsupport.IceAndFireIntegration since it is not for mod armoryexpansion-matteroverdrive
[22:12:12] [Server thread/DEBUG] [FML]: Skipping @EventBusSubscriber injection for org.softc.armoryexpansion.common.integration.modsupport.ConArmIntegration since it is not for mod armoryexpansion-matteroverdrive
[22:12:12] [Server thread/DEBUG] [FML]: Skipping @EventBusSubscriber injection for org.softc.armoryexpansion.common.integration.modsupport.CustomMaterialsIntegration since it is not for mod armoryexpansion-matteroverdrive
[22:12:12] [Server thread/DEBUG] [FML]: Attempting to inject @Config classes into armoryexpansion-matteroverdrive for type INSTANCE
[22:12:12] [Server thread/TRACE] [FML]: Sent event FMLConstructionEvent to mod armoryexpansion-matteroverdrive
[22:12:12] [Server thread/DEBUG] [FML]: Bar Step: Construction - Armory Expansion - MatterOverdrive took 0.003s
[22:12:12] [Server thread/TRACE] [FML]: Sending event FMLConstructionEvent to mod baubles
[22:12:12] [Server thread/TRACE] [FML]: Mod baubles is using network checker : Accepting version 1.5.2
[22:12:12] [Server thread/TRACE] [FML]: Testing mod baubles to verify it accepts its own version in a remote connection
[22:12:12] [Server thread/TRACE] [FML]: The mod baubles accepts its own version (1.5.2)
[22:12:12] [Server thread/DEBUG] [FML]: Attempting to inject @SidedProxy classes into baubles
[22:12:12] [Server thread/DEBUG] [FML]: Attempting to inject @EventBusSubscriber classes into the eventbus for baubles
[22:12:12] [Server thread/DEBUG] [FML]: Registering @EventBusSubscriber for baubles.common.items.ItemRing for mod baubles
[22:12:12] [Server thread/DEBUG] [FML]: Injected @EventBusSubscriber class baubles.common.items.ItemRing
[22:12:12] [Server thread/DEBUG] [FML]: Attempting to inject @Config classes into baubles for type INSTANCE
[22:12:12] [Server thread/TRACE] [FML]: Sent event FMLConstructionEvent to mod baubles
[22:12:12] [Server thread/DEBUG] [FML]: Bar Step: Construction - Baubles took 0.011s
[22:12:12] [Server thread/TRACE] [FML]: Sending event FMLConstructionEvent to mod atum
[22:12:12] [Server thread/TRACE] [FML]: Mod atum is using network checker : Accepting version 2.0.20
[22:12:12] [Server thread/TRACE] [FML]: Testing mod atum to verify it accepts its own version in a remote connection
[22:12:12] [Server thread/TRACE] [FML]: The mod atum accepts its own version (2.0.20)
[22:12:12] [Server thread/DEBUG] [FML]: Attempting to inject @SidedProxy classes into atum
[22:12:12] [Server thread/DEBUG] [FML]: Attempting to inject @EventBusSubscriber classes into the eventbus for atum
[22:12:12] [Server thread/DEBUG] [FML]: Registering @EventBusSubscriber for com.teammetallurgy.atum.utils.AtumRegistry for mod atum
[22:12:12] [Server thread/DEBUG] [FML]: Injected @EventBusSubscriber class com.teammetallurgy.atum.utils.AtumRegistry
[22:12:12] [Server thread/DEBUG] [FML]: Registering @EventBusSubscriber for com.teammetallurgy.atum.items.artifacts.atum.ItemLegsOfAtum for mod atum
[22:12:12] [Server thread/DEBUG] [FML]: Injected @EventBusSubscriber class com.teammetallurgy.atum.items.artifacts.atum.ItemLegsOfAtum
[22:12:12] [Server thread/DEBUG] [FML]: Registering @EventBusSubscriber for com.teammetallurgy.atum.items.artifacts.atum.ItemFeetOfAtum for mod atum
[22:12:12] [Server thread/DEBUG] [FML]: Injected @EventBusSubscriber class com.teammetallurgy.atum.items.artifacts.atum.ItemFeetOfAtum
[22:12:12] [Server thread/DEBUG] [FML]: Registering @EventBusSubscriber for com.teammetallurgy.atum.items.artifacts.nuit.ItemNuitsVanishing for mod atum
[22:12:12] [Server thread/DEBUG] [FML]: Injected @EventBusSubscriber class com.teammetallurgy.atum.items.artifacts.nuit.ItemNuitsVanishing
[22:12:12] [Server thread/DEBUG] [FML]: Registering @EventBusSubscriber for com.teammetallurgy.atum.items.tools.ItemGreatsword for mod atum
[22:12:12] [Server thread/DEBUG] [FML]: Injected @EventBusSubscriber class com.teammetallurgy.atum.items.tools.ItemGreatsword
[22:12:12] [Server thread/DEBUG] [FML]: Registering @EventBusSubscriber for com.teammetallurgy.atum.items.artifacts.ra.ItemLegsOfRa for mod atum
[22:12:12] [Server thread/DEBUG] [FML]: Injected @EventBusSubscriber class com.teammetallurgy.atum.items.artifacts.ra.ItemLegsOfRa
[22:12:12] [Server thread/DEBUG] [FML]: Registering @EventBusSubscriber for com.teammetallurgy.atum.blocks.stone.limestone.chest.BlockSarcophagus for mod atum
[22:12:12] [Server thread/DEBUG] [FML]: Injected @EventBusSubscriber class com.teammetallurgy.atum.blocks.stone.limestone.chest.BlockSarcophagus
[22:12:12] [Server thread/DEBUG] [FML]: Registering @EventBusSubscriber for com.teammetallurgy.atum.utils.recipe.RecipeDisenchant for mod atum
[22:12:12] [Server thread/DEBUG] [FML]: Injected @EventBusSubscriber class com.teammetallurgy.atum.utils.recipe.RecipeDisenchant
[22:12:12] [Server thread/DEBUG] [FML]: Registering @EventBusSubscriber for com.teammetallurgy.atum.utils.event.AtumEventListener for mod atum
[22:12:12] [Server thread/DEBUG] [FML]: Injected @EventBusSubscriber class com.teammetallurgy.atum.utils.event.AtumEventListener
[22:12:12] [Server thread/DEBUG] [FML]: Registering @EventBusSubscriber for com.teammetallurgy.atum.items.tools.ItemClub for mod atum
[22:12:12] [Server thread/DEBUG] [FML]: Injected @EventBusSubscriber class com.teammetallurgy.atum.items.tools.ItemClub
[22:12:12] [Server thread/DEBUG] [FML]: Registering @EventBusSubscriber for com.teammetallurgy.atum.items.artifacts.ra.ItemBodyOfRa for mod atum
[22:12:12] [Server thread/DEBUG] [FML]: Injected @EventBusSubscriber class com.teammetallurgy.atum.items.artifacts.ra.ItemBodyOfRa
[22:12:12] [Server thread/DEBUG] [FML]: Registering @EventBusSubscriber for com.teammetallurgy.atum.items.artifacts.atum.ItemBodyOfAtum for mod atum
[22:12:12] [Server thread/DEBUG] [FML]: Injected @EventBusSubscriber class com.teammetallurgy.atum.items.artifacts.atum.ItemBodyOfAtum
[22:12:12] [Server thread/DEBUG] [FML]: Registering @EventBusSubscriber for com.teammetallurgy.atum.items.artifacts.ptah.ItemPtahsDecadence for mod atum
[22:12:12] [Server thread/DEBUG] [FML]: Injected @EventBusSubscriber class com.teammetallurgy.atum.items.artifacts.ptah.ItemPtahsDecadence
[22:12:12] [Server thread/DEBUG] [FML]: Registering @EventBusSubscriber for com.teammetallurgy.atum.items.artifacts.montu.ItemMontusStrike for mod atum
[22:12:12] [Server thread/DEBUG] [FML]: Injected @EventBusSubscriber class com.teammetallurgy.atum.items.artifacts.montu.ItemMontusStrike
[22:12:12] [Server thread/DEBUG] [FML]: Registering @EventBusSubscriber for com.teammetallurgy.atum.items.artifacts.atum.ItemAtumsWill for mod atum
[22:12:12] [Server thread/DEBUG] [FML]: Injected @EventBusSubscriber class com.teammetallurgy.atum.items.artifacts.atum.ItemAtumsWill
[22:12:12] [Server thread/DEBUG] [FML]: Registering @EventBusSubscriber for com.teammetallurgy.atum.blocks.wood.BlockAtumTorchUnlit for mod atum
[22:12:12] [Server thread/DEBUG] [FML]: Injected @EventBusSubscriber class com.teammetallurgy.atum.blocks.wood.BlockAtumTorchUnlit
[22:12:12] [Server thread/DEBUG] [FML]: Registering @EventBusSubscriber for com.teammetallurgy.atum.items.artifacts.anubis.ItemAnubisWrath for mod atum
[22:12:12] [Server thread/DEBUG] [FML]: Injected @EventBusSubscriber class com.teammetallurgy.atum.items.artifacts.anubis.ItemAnubisWrath
[22:12:12] [Server thread/DEBUG] [FML]: Registering @EventBusSubscriber for com.teammetallurgy.atum.items.tools.ItemKhopesh for mod atum
[22:12:12] [Server thread/DEBUG] [FML]: Injected @EventBusSubscriber class com.teammetallurgy.atum.items.tools.ItemKhopesh
[22:12:12] [Server thread/DEBUG] [FML]: Registering @EventBusSubscriber for com.teammetallurgy.atum.items.artifacts.anubis.ItemAnubisMercy for mod atum
[22:12:12] [Server thread/DEBUG] [FML]: Injected @EventBusSubscriber class com.teammetallurgy.atum.items.artifacts.anubis.ItemAnubisMercy
[22:12:12] [Server thread/DEBUG] [FML]: Registering @EventBusSubscriber for com.teammetallurgy.atum.items.artifacts.anput.ItemAnputsHunger for mod atum
[22:12:12] [Server thread/DEBUG] [FML]: Injected @EventBusSubscriber class com.teammetallurgy.atum.items.artifacts.anput.ItemAnputsHunger
[22:12:12] [Server thread/DEBUG] [FML]: Registering @EventBusSubscriber for com.teammetallurgy.atum.init.AtumRecipes for mod atum
[22:12:12] [Server thread/DEBUG] [FML]: Injected @EventBusSubscriber class com.teammetallurgy.atum.init.AtumRecipes
[22:12:12] [Server thread/DEBUG] [FML]: Registering @EventBusSubscriber for com.teammetallurgy.atum.utils.event.FurnaceFuel for mod atum
[22:12:12] [Server thread/DEBUG] [FML]: Injected @EventBusSubscriber class com.teammetallurgy.atum.utils.event.FurnaceFuel
[22:12:12] [Server thread/DEBUG] [FML]: Registering @EventBusSubscriber for com.teammetallurgy.atum.items.artifacts.tefnut.ItemTefnutsCall for mod atum
[22:12:12] [Server thread/DEBUG] [FML]: Injected @EventBusSubscriber class com.teammetallurgy.atum.items.artifacts.tefnut.ItemTefnutsCall
[22:12:12] [Server thread/DEBUG] [FML]: Registering @EventBusSubscriber for com.teammetallurgy.atum.items.tools.ItemGauntlet for mod atum
[22:12:12] [Server thread/DEBUG] [FML]: Injected @EventBusSubscriber class com.teammetallurgy.atum.items.tools.ItemGauntlet
[22:12:12] [Server thread/DEBUG] [FML]: Registering @EventBusSubscriber for com.teammetallurgy.atum.items.artifacts.atum.ItemAtumsProtection for mod atum
[22:12:12] [Server thread/DEBUG] [FML]: Injected @EventBusSubscriber class com.teammetallurgy.atum.items.artifacts.atum.ItemAtumsProtection
[22:12:12] [Server thread/DEBUG] [FML]: Registering @EventBusSubscriber for com.teammetallurgy.atum.items.artifacts.ptah.ItemPtahsUndoing for mod atum
[22:12:12] [Server thread/DEBUG] [FML]: Injected @EventBusSubscriber class com.teammetallurgy.atum.items.artifacts.ptah.ItemPtahsUndoing
[22:12:12] [Server thread/DEBUG] [FML]: Registering @EventBusSubscriber for com.teammetallurgy.atum.items.artifacts.shu.ItemShusExile for mod atum
[22:12:12] [Server thread/DEBUG] [FML]: Injected @EventBusSubscriber class com.teammetallurgy.atum.items.artifacts.shu.ItemShusExile
[22:12:12] [Server thread/DEBUG] [FML]: Registering @EventBusSubscriber for com.teammetallurgy.atum.utils.recipe.RecipeMapExtendingScroll for mod atum
[22:12:12] [Server thread/DEBUG] [FML]: Injected @EventBusSubscriber class com.teammetallurgy.atum.utils.recipe.RecipeMapExtendingScroll
[22:12:12] [Server thread/DEBUG] [FML]: Registering @EventBusSubscriber for com.teammetallurgy.atum.entity.animal.EntityDesertWolf for mod atum
[22:12:12] [Server thread/DEBUG] [FML]: Injected @EventBusSubscriber class com.teammetallurgy.atum.entity.animal.EntityDesertWolf
[22:12:12] [Server thread/DEBUG] [FML]: Registering @EventBusSubscriber for com.teammetallurgy.atum.items.artifacts.seth.ItemSethsSting for mod atum
[22:12:12] [Server thread/DEBUG] [FML]: Injected @EventBusSubscriber class com.teammetallurgy.atum.items.artifacts.seth.ItemSethsSting
[22:12:12] [Server thread/DEBUG] [FML]: Registering @EventBusSubscriber for com.teammetallurgy.atum.items.artifacts.nuit.ItemNuitsIre for mod atum
[22:12:12] [Server thread/DEBUG] [FML]: Injected @EventBusSubscriber class com.teammetallurgy.atum.items.artifacts.nuit.ItemNuitsIre
[22:12:12] [Server thread/DEBUG] [FML]: Registering @EventBusSubscriber for com.teammetallurgy.atum.world.teleporter.AtumStartTeleporter for mod atum
[22:12:12] [Server thread/DEBUG] [FML]: Injected @EventBusSubscriber class com.teammetallurgy.atum.world.teleporter.AtumStartTeleporter
[22:12:12] [Server thread/DEBUG] [FML]: Registering @EventBusSubscriber for com.teammetallurgy.atum.utils.recipe.RecipesDesertArmorDyes for mod atum
[22:12:12] [Server thread/DEBUG] [FML]: Injected @EventBusSubscriber class com.teammetallurgy.atum.utils.recipe.RecipesDesertArmorDyes
[22:12:12] [Server thread/DEBUG] [FML]: Registering @EventBusSubscriber for com.teammetallurgy.atum.items.artifacts.ra.ItemHaloOfRa for mod atum
[22:12:12] [Server thread/DEBUG] [FML]: Injected @EventBusSubscriber class com.teammetallurgy.atum.items.artifacts.ra.ItemHaloOfRa
[22:12:12] [Server thread/DEBUG] [FML]: Registering @EventBusSubscriber for com.teammetallurgy.atum.world.WorldProviderAtum for mod atum
[22:12:12] [Server thread/DEBUG] [FML]: Injected @EventBusSubscriber class com.teammetallurgy.atum.world.WorldProviderAtum
[22:12:12] [Server thread/DEBUG] [FML]: Registering @EventBusSubscriber for com.teammetallurgy.atum.items.artifacts.nuit.ItemNuitsQuarter for mod atum
[22:12:12] [Server thread/DEBUG] [FML]: Injected @EventBusSubscriber class com.teammetallurgy.atum.items.artifacts.nuit.ItemNuitsQuarter
[22:12:12] [Server thread/DEBUG] [FML]: Attempting to inject @Config classes into atum for type INSTANCE
[22:12:12] [Server thread/TRACE] [FML]: Sent event FMLConstructionEvent to mod atum
[22:12:12] [Server thread/DEBUG] [FML]: Bar Step: Construction - Atum 2 took 0.173s
[22:12:12] [Server thread/TRACE] [FML]: Sending event FMLConstructionEvent to mod backpack
[22:12:12] [Server thread/ERROR] [FML]: The mod backpack is expecting signature @FINGERPRINT@ for source backpack-3.0.2-1.12.2.jar, however there is no signature matching that description
[22:12:12] [Server thread/TRACE] [FML]: Mod backpack is using network checker : Accepting version 3.0.2
[22:12:12] [Server thread/TRACE] [FML]: Testing mod backpack to verify it accepts its own version in a remote connection
[22:12:12] [Server thread/TRACE] [FML]: The mod backpack accepts its own version (3.0.2)
[22:12:12] [Server thread/DEBUG] [FML]: Attempting to inject @SidedProxy classes into backpack
[22:12:12] [Server thread/DEBUG] [FML]: Attempting to inject @EventBusSubscriber classes into the eventbus for backpack
[22:12:12] [Server thread/DEBUG] [FML]: Registering @EventBusSubscriber for de.eydamos.backpack.Features for mod backpack
[22:12:12] [Server thread/DEBUG] [FML]: Injected @EventBusSubscriber class de.eydamos.backpack.Features
[22:12:12] [Server thread/DEBUG] [FML]: Attempting to inject @Config classes into backpack for type INSTANCE
[22:12:12] [Server thread/TRACE] [FML]: Sent event FMLConstructionEvent to mod backpack
[22:12:12] [Server thread/DEBUG] [FML]: Bar Step: Construction - Backpack took 0.019s
[22:12:12] [Server thread/TRACE] [FML]: Sending event FMLConstructionEvent to mod better_diving
[22:12:12] [Server thread/TRACE] [FML]: Mod better_diving is using network checker : Accepting version 1.5.8
[22:12:12] [Server thread/TRACE] [FML]: Testing mod better_diving to verify it accepts its own version in a remote connection
[22:12:12] [Server thread/TRACE] [FML]: The mod better_diving accepts its own version (1.5.8)
[22:12:12] [Server thread/DEBUG] [FML]: Attempting to inject @SidedProxy classes into better_diving
[22:12:12] [Server thread/DEBUG] [FML]: Attempting to inject @EventBusSubscriber classes into the eventbus for better_diving
[22:12:12] [Server thread/DEBUG] [FML]: Registering @EventBusSubscriber for meldexun.better_diving.init.ModSounds$SoundRegistrationHandler for mod better_diving
[22:12:12] [Server thread/DEBUG] [FML]: Injected @EventBusSubscriber class meldexun.better_diving.init.ModSounds$SoundRegistrationHandler
[22:12:12] [Server thread/DEBUG] [FML]: Registering @EventBusSubscriber for meldexun.better_diving.util.BetterDivingConfig$EventHandler for mod better_diving
[22:12:12] [Server thread/DEBUG] [FML]: Injected @EventBusSubscriber class meldexun.better_diving.util.BetterDivingConfig$EventHandler
[22:12:12] [Server thread/DEBUG] [FML]: Registering @EventBusSubscriber for meldexun.better_diving.capability.diving.event.CapabilityDivingAttributesEventHandler for mod better_diving
[22:12:12] [Server thread/DEBUG] [FML]: Injected @EventBusSubscriber class meldexun.better_diving.capability.diving.event.CapabilityDivingAttributesEventHandler
[22:12:12] [Server thread/DEBUG] [FML]: Registering @EventBusSubscriber for meldexun.better_diving.init.ModItems$ItemRegistrationHandler for mod better_diving
[22:12:12] [Server thread/DEBUG] [FML]: Injected @EventBusSubscriber class meldexun.better_diving.init.ModItems$ItemRegistrationHandler
[22:12:12] [Server thread/DEBUG] [FML]: Registering @EventBusSubscriber for meldexun.better_diving.registry.EntitySpawnRegistry for mod better_diving
[22:12:12] [Server thread/DEBUG] [FML]: Injected @EventBusSubscriber class meldexun.better_diving.registry.EntitySpawnRegistry
[22:12:12] [Server thread/DEBUG] [FML]: Registering @EventBusSubscriber for meldexun.better_diving.entity.event.EntityEventHandler for mod better_diving
[22:12:12] [Server thread/DEBUG] [FML]: Injected @EventBusSubscriber class meldexun.better_diving.entity.event.EntityEventHandler
[22:12:12] [Server thread/DEBUG] [FML]: Registering @EventBusSubscriber for meldexun.better_diving.capability.AttachCapabilitiesEventHandler for mod better_diving
[22:12:12] [Server thread/DEBUG] [FML]: Injected @EventBusSubscriber class meldexun.better_diving.capability.AttachCapabilitiesEventHandler
[22:12:12] [Server thread/DEBUG] [FML]: Registering @EventBusSubscriber for meldexun.better_diving.init.ModBlocks$BlockRegistrationHandler for mod better_diving
[22:12:12] [Server thread/DEBUG] [FML]: Injected @EventBusSubscriber class meldexun.better_diving.init.ModBlocks$BlockRegistrationHandler
[22:12:12] [Server thread/DEBUG] [FML]: Registering @EventBusSubscriber for meldexun.better_diving.registry.RecipeRegistry for mod better_diving
[22:12:12] [Server thread/DEBUG] [FML]: Injected @EventBusSubscriber class meldexun.better_diving.registry.RecipeRegistry
[22:12:12] [Server thread/DEBUG] [FML]: Registering @EventBusSubscriber for meldexun.better_diving.init.ModEntities$EntityRegistrationHandler for mod better_diving
[22:12:12] [Server thread/DEBUG] [FML]: Injected @EventBusSubscriber class meldexun.better_diving.init.ModEntities$EntityRegistrationHandler
[22:12:12] [Server thread/DEBUG] [FML]: Attempting to inject @Config classes into better_diving for type INSTANCE
[22:12:12] [Server thread/TRACE] [FML]: Sent event FMLConstructionEvent to mod better_diving
[22:12:12] [Server thread/DEBUG] [FML]: Bar Step: Construction - Better Diving took 0.070s
[22:12:12] [Server thread/TRACE] [FML]: Sending event FMLConstructionEvent to mod coralreef
[22:12:12] [Server thread/TRACE] [FML]: Mod coralreef is using network checker : Accepting version 2.0
[22:12:12] [Server thread/TRACE] [FML]: Testing mod coralreef to verify it accepts its own version in a remote connection
[22:12:12] [Server thread/TRACE] [FML]: The mod coralreef accepts its own version (2.0)
[22:12:12] [Server thread/DEBUG] [FML]: Attempting to inject @SidedProxy classes into coralreef
[22:12:12] [Server thread/DEBUG] [FML]: Attempting to inject @EventBusSubscriber classes into the eventbus for coralreef
[22:12:12] [Server thread/DEBUG] [FML]: Registering @EventBusSubscriber for primetoxinz.coralreef.CoralReef for mod coralreef
[22:12:12] [Server thread/DEBUG] [FML]: Injected @EventBusSubscriber class primetoxinz.coralreef.CoralReef
[22:12:12] [Server thread/DEBUG] [FML]: Attempting to inject @Config classes into coralreef for type INSTANCE
[22:12:12] [Server thread/TRACE] [FML]: Sent event FMLConstructionEvent to mod coralreef
[22:12:12] [Server thread/DEBUG] [FML]: Bar Step: Construction - Coralreef took 0.014s
[22:12:12] [Server thread/TRACE] [FML]: Sending event FMLConstructionEvent to mod cosmeticarmorreworked
[22:12:12] [Server thread/TRACE] [FML]: Mod cosmeticarmorreworked is using network checker : Accepting version 1.12.2-v5a
[22:12:12] [Server thread/TRACE] [FML]: Testing mod cosmeticarmorreworked to verify it accepts its own version in a remote connection
[22:12:12] [Server thread/TRACE] [FML]: The mod cosmeticarmorreworked accepts its own version (1.12.2-v5a)
[22:12:12] [Server thread/DEBUG] [FML]: Attempting to inject @SidedProxy classes into cosmeticarmorreworked
[22:12:12] [Server thread/DEBUG] [FML]: Attempting to inject @EventBusSubscriber classes into the eventbus for cosmeticarmorreworked
[22:12:12] [Server thread/DEBUG] [FML]: Attempting to inject @Config classes into cosmeticarmorreworked for type INSTANCE
[22:12:12] [Server thread/TRACE] [FML]: Sent event FMLConstructionEvent to mod cosmeticarmorreworked
[22:12:12] [Server thread/DEBUG] [FML]: Bar Step: Construction - CosmeticArmorReworked took 0.013s
[22:12:12] [Server thread/TRACE] [FML]: Sending event FMLConstructionEvent to mod dldungeonsjbg
[22:12:12] [Server thread/TRACE] [FML]: Mod dldungeonsjbg is using network checker : No network checking performed
[22:12:12] [Server thread/TRACE] [FML]: Testing mod dldungeonsjbg to verify it accepts its own version in a remote connection
[22:12:12] [Server thread/TRACE] [FML]: The mod dldungeonsjbg accepts its own version (1.14.14)
[22:12:12] [Server thread/DEBUG] [FML]: Attempting to inject @SidedProxy classes into dldungeonsjbg
[22:12:12] [Server thread/DEBUG] [FML]: Attempting to inject @EventBusSubscriber classes into the eventbus for dldungeonsjbg
[22:12:12] [Server thread/DEBUG] [FML]: Attempting to inject @Config classes into dldungeonsjbg for type INSTANCE
[22:12:12] [Server thread/TRACE] [FML]: Sent event FMLConstructionEvent to mod dldungeonsjbg
[22:12:12] [Server thread/DEBUG] [FML]: Bar Step: Construction - Doomlike Dungeons took 0.005s
[22:12:12] [Server thread/TRACE] [FML]: Sending event FMLConstructionEvent to mod dungeontactics
[22:12:12] [Server thread/TRACE] [FML]: Mod dungeontactics is using network checker : Accepting version DT-0.16.9
[22:12:12] [Server thread/TRACE] [FML]: Testing mod dungeontactics to verify it accepts its own version in a remote connection
[22:12:12] [Server thread/TRACE] [FML]: The mod dungeontactics accepts its own version (DT-0.16.9)
[22:12:12] [Server thread/DEBUG] [FML]: Attempting to inject @SidedProxy classes into dungeontactics
[22:12:12] [Server thread/DEBUG] [FML]: Attempting to inject @EventBusSubscriber classes into the eventbus for dungeontactics
[22:12:12] [Server thread/DEBUG] [FML]: Registering @EventBusSubscriber for pegbeard.dungeontactics.handlers.DTItems$RegistrationHandler for mod dungeontactics
[22:12:12] [Server thread/DEBUG] [FML]: Injected @EventBusSubscriber class pegbeard.dungeontactics.handlers.DTItems$RegistrationHandler
[22:12:12] [Server thread/DEBUG] [FML]: Registering @EventBusSubscriber for pegbeard.dungeontactics.handlers.DTBlocks$RegistrationHandler for mod dungeontactics
[22:12:12] [Server thread/DEBUG] [FML]: Injected @EventBusSubscriber class pegbeard.dungeontactics.handlers.DTBlocks$RegistrationHandler
[22:12:12] [Server thread/DEBUG] [FML]: Registering @EventBusSubscriber for pegbeard.dungeontactics.handlers.DTRecipes$RegistrationHandler for mod dungeontactics
[22:12:12] [Server thread/DEBUG] [FML]: Injected @EventBusSubscriber class pegbeard.dungeontactics.handlers.DTRecipes$RegistrationHandler
[22:12:12] [Server thread/DEBUG] [FML]: Attempting to inject @Config classes into dungeontactics for type INSTANCE
[22:12:12] [Server thread/TRACE] [FML]: Sent event FMLConstructionEvent to mod dungeontactics
[22:12:12] [Server thread/DEBUG] [FML]: Bar Step: Construction - DungeonTactics took 0.044s
[22:12:12] [Server thread/TRACE] [FML]: Sending event FMLConstructionEvent to mod gottschcore
[22:12:12] [Server thread/TRACE] [FML]: Mod gottschcore is using network checker : Accepting version 1.15.1
[22:12:12] [Server thread/TRACE] [FML]: Testing mod gottschcore to verify it accepts its own version in a remote connection
[22:12:12] [Server thread/TRACE] [FML]: The mod gottschcore accepts its own version (1.15.1)
[22:12:12] [Server thread/DEBUG] [FML]: Attempting to inject @SidedProxy classes into gottschcore
[22:12:12] [Server thread/DEBUG] [FML]: Attempting to inject @EventBusSubscriber classes into the eventbus for gottschcore
[22:12:12] [Server thread/DEBUG] [FML]: Attempting to inject @Config classes into gottschcore for type INSTANCE
[22:12:12] [Server thread/TRACE] [FML]: Sent event FMLConstructionEvent to mod gottschcore
[22:12:12] [Server thread/DEBUG] [FML]: Bar Step: Construction - GottschCore took 0.011s
[22:12:12] [Server thread/TRACE] [FML]: Sending event FMLConstructionEvent to mod gravestone
[22:12:12] [Server thread/TRACE] [FML]: Mod gravestone is using network checker : Accepting version 1.10.3
[22:12:12] [Server thread/TRACE] [FML]: Testing mod gravestone to verify it accepts its own version in a remote connection
[22:12:12] [Server thread/TRACE] [FML]: The mod gravestone accepts its own version (1.10.3)
[22:12:12] [Server thread/DEBUG] [FML]: Attempting to inject @SidedProxy classes into gravestone
[22:12:12] [Server thread/DEBUG] [FML]: Attempting to inject @EventBusSubscriber classes into the eventbus for gravestone
[22:12:12] [Server thread/DEBUG] [FML]: Registering @EventBusSubscriber for de.maxhenkel.gravestone.Registry for mod gravestone
[22:12:12] [Server thread/DEBUG] [FML]: Injected @EventBusSubscriber class de.maxhenkel.gravestone.Registry
[22:12:12] [Server thread/DEBUG] [FML]: Attempting to inject @Config classes into gravestone for type INSTANCE
[22:12:12] [Server thread/TRACE] [FML]: Sent event FMLConstructionEvent to mod gravestone
[22:12:12] [Server thread/DEBUG] [FML]: Bar Step: Construction - Gravestone Mod took 0.008s
[22:12:12] [Server thread/TRACE] [FML]: Sending event FMLConstructionEvent to mod inventorytweaks
[22:12:12] [Server thread/TRACE] [FML]: Mod inventorytweaks is using network checker : No network checking performed
[22:12:12] [Server thread/TRACE] [FML]: Testing mod inventorytweaks to verify it accepts its own version in a remote connection
[22:12:12] [Server thread/TRACE] [FML]: The mod inventorytweaks accepts its own version (1.63+release.109.220f184)
[22:12:12] [Server thread/DEBUG] [FML]: Attempting to inject @SidedProxy classes into inventorytweaks
[22:12:12] [Server thread/DEBUG] [FML]: Attempting to inject @EventBusSubscriber classes into the eventbus for inventorytweaks
[22:12:12] [Server thread/DEBUG] [FML]: Attempting to inject @Config classes into inventorytweaks for type INSTANCE
[22:12:12] [Server thread/TRACE] [FML]: Sent event FMLConstructionEvent to mod inventorytweaks
[22:12:12] [Server thread/DEBUG] [FML]: Bar Step: Construction - Inventory Tweaks took 0.007s
[22:12:12] [Server thread/TRACE] [FML]: Sending event FMLConstructionEvent to mod journeymap
[22:12:12] [Server thread/TRACE] [FML]: Mod journeymap is using network checker : Invoking method checkModLists
[22:12:12] [Server thread/TRACE] [FML]: Testing mod journeymap to verify it accepts its own version in a remote connection
[22:12:12] [Server thread/TRACE] [FML]: The mod journeymap accepts its own version (1.12.2-5.7.1p3)
[22:12:12] [Server thread/DEBUG] [FML]: Attempting to inject @SidedProxy classes into journeymap
[22:12:12] [Server thread/DEBUG] [FML]: Attempting to inject @EventBusSubscriber classes into the eventbus for journeymap
[22:12:12] [Server thread/DEBUG] [FML]: Attempting to inject @Config classes into journeymap for type INSTANCE
[22:12:12] [Server thread/TRACE] [FML]: Sent event FMLConstructionEvent to mod journeymap
[22:12:12] [Server thread/DEBUG] [FML]: Bar Step: Construction - JourneyMap took 0.010s
[22:12:12] [Server thread/TRACE] [FML]: Sending event FMLConstructionEvent to mod levelup2
[22:12:12] [Server thread/TRACE] [FML]: Mod levelup2 is using network checker : Accepting version ${version}
[22:12:12] [Server thread/TRACE] [FML]: Testing mod levelup2 to verify it accepts its own version in a remote connection
[22:12:12] [Server thread/TRACE] [FML]: The mod levelup2 accepts its own version (${version})
[22:12:12] [Server thread/DEBUG] [FML]: Attempting to inject @SidedProxy classes into levelup2
[22:12:12] [Server thread/DEBUG] [FML]: Attempting to inject @EventBusSubscriber classes into the eventbus for levelup2
[22:12:12] [Server thread/DEBUG] [FML]: Registering @EventBusSubscriber for levelup2.LevelUp2$RegistryEventHandler for mod levelup2
[22:12:12] [Server thread/DEBUG] [FML]: Injected @EventBusSubscriber class levelup2.LevelUp2$RegistryEventHandler
[22:12:12] [Server thread/DEBUG] [FML]: Attempting to inject @Config classes into levelup2 for type INSTANCE
[22:12:12] [Server thread/TRACE] [FML]: Sent event FMLConstructionEvent to mod levelup2
[22:12:12] [Server thread/DEBUG] [FML]: Bar Step: Construction - Level Up! Reloaded took 0.006s
[22:12:12] [Server thread/TRACE] [FML]: Sending event FMLConstructionEvent to mod mca
[22:12:12] [Server thread/TRACE] [FML]: Mod mca is using network checker : Accepting version 6.1.0
[22:12:12] [Server thread/TRACE] [FML]: Testing mod mca to verify it accepts its own version in a remote connection
[22:12:12] [Server thread/TRACE] [FML]: The mod mca accepts its own version (6.1.0)
[22:12:12] [Server thread/DEBUG] [FML]: Attempting to inject @SidedProxy classes into mca
[22:12:12] [Server thread/DEBUG] [FML]: Attempting to inject @EventBusSubscriber classes into the eventbus for mca
[22:12:12] [Server thread/DEBUG] [FML]: Registering @EventBusSubscriber for mca.core.minecraft.ProfessionsMCA$RegistrationHandler for mod mca
[22:12:12] [Server thread/DEBUG] [FML]: Injected @EventBusSubscriber class mca.core.minecraft.ProfessionsMCA$RegistrationHandler
[22:12:12] [Server thread/DEBUG] [FML]: Attempting to inject @Config classes into mca for type INSTANCE
[22:12:12] [Server thread/TRACE] [FML]: Sent event FMLConstructionEvent to mod mca
[22:12:12] [Server thread/DEBUG] [FML]: Bar Step: Construction - Minecraft Comes Alive took 0.014s
[22:12:12] [Server thread/TRACE] [FML]: Sending event FMLConstructionEvent to mod roguelike
[22:12:12] [Server thread/TRACE] [FML]: Mod roguelike is using network checker : No network checking performed
[22:12:12] [Server thread/TRACE] [FML]: Testing mod roguelike to verify it accepts its own version in a remote connection
[22:12:12] [Server thread/TRACE] [FML]: The mod roguelike accepts its own version (1.8.0)
[22:12:12] [Server thread/DEBUG] [FML]: Attempting to inject @SidedProxy classes into roguelike
[22:12:12] [Server thread/DEBUG] [FML]: Attempting to inject @EventBusSubscriber classes into the eventbus for roguelike
[22:12:12] [Server thread/DEBUG] [FML]: Attempting to inject @Config classes into roguelike for type INSTANCE
[22:12:12] [Server thread/TRACE] [FML]: Sent event FMLConstructionEvent to mod roguelike
[22:12:12] [Server thread/DEBUG] [FML]: Bar Step: Construction - Roguelike Dungeons took 0.004s
[22:12:12] [Server thread/TRACE] [FML]: Sending event FMLConstructionEvent to mod ruins
[22:12:12] [Server thread/TRACE] [FML]: Mod ruins is using network checker : Invoking method checkModLists
[22:12:12] [Server thread/TRACE] [FML]: Testing mod ruins to verify it accepts its own version in a remote connection
[22:12:12] [Server thread/TRACE] [FML]: The mod ruins accepts its own version (17.2)
[22:12:12] [Server thread/DEBUG] [FML]: Attempting to inject @SidedProxy classes into ruins
[22:12:12] [Server thread/DEBUG] [FML]: Attempting to inject @EventBusSubscriber classes into the eventbus for ruins
[22:12:12] [Server thread/DEBUG] [FML]: Attempting to inject @Config classes into ruins for type INSTANCE
[22:12:12] [Server thread/TRACE] [FML]: Sent event FMLConstructionEvent to mod ruins
[22:12:12] [Server thread/DEBUG] [FML]: Bar Step: Construction - Ruins Mod took 0.006s
[22:12:12] [Server thread/TRACE] [FML]: Sending event FMLConstructionEvent to mod signpost
[22:12:12] [Server thread/TRACE] [FML]: Mod signpost is using network checker : Accepting version 1.08.5
[22:12:12] [Server thread/TRACE] [FML]: Testing mod signpost to verify it accepts its own version in a remote connection
[22:12:12] [Server thread/TRACE] [FML]: The mod signpost accepts its own version (1.08.5)
[22:12:12] [Server thread/DEBUG] [FML]: Attempting to inject @SidedProxy classes into signpost
[22:12:12] [Server thread/DEBUG] [FML]: Attempting to inject @EventBusSubscriber classes into the eventbus for signpost
[22:12:12] [Server thread/DEBUG] [FML]: Attempting to inject @Config classes into signpost for type INSTANCE
[22:12:12] [Server thread/TRACE] [FML]: Sent event FMLConstructionEvent to mod signpost
[22:12:12] [Server thread/DEBUG] [FML]: Bar Step: Construction - Signpost took 0.036s
[22:12:12] [Server thread/TRACE] [FML]: Sending event FMLConstructionEvent to mod lteleporters
[22:12:12] [Server thread/TRACE] [FML]: Mod lteleporters is using network checker : Accepting version 1.12.2-3.0.2
[22:12:12] [Server thread/TRACE] [FML]: Testing mod lteleporters to verify it accepts its own version in a remote connection
[22:12:12] [Server thread/TRACE] [FML]: The mod lteleporters accepts its own version (1.12.2-3.0.2)
[22:12:12] [Server thread/DEBUG] [FML]: Attempting to inject @SidedProxy classes into lteleporters
[22:12:12] [Server thread/DEBUG] [FML]: Attempting to inject @EventBusSubscriber classes into the eventbus for lteleporters
[22:12:12] [Server thread/DEBUG] [FML]: Registering @EventBusSubscriber for party.lemons.simpleteleporters.item.SimpleTeleportersItems for mod lteleporters
[22:12:12] [Server thread/DEBUG] [FML]: Injected @EventBusSubscriber class party.lemons.simpleteleporters.item.SimpleTeleportersItems
[22:12:12] [Server thread/DEBUG] [FML]: Registering @EventBusSubscriber for party.lemons.simpleteleporters.block.SimpleTeleportersBlocks for mod lteleporters
[22:12:12] [Server thread/DEBUG] [FML]: Injected @EventBusSubscriber class party.lemons.simpleteleporters.block.SimpleTeleportersBlocks
[22:12:12] [Server thread/DEBUG] [FML]: Registering @EventBusSubscriber for party.lemons.simpleteleporters.config.ModConfig$EventHandler for mod lteleporters
[22:12:12] [Server thread/DEBUG] [FML]: Injected @EventBusSubscriber class party.lemons.simpleteleporters.config.ModConfig$EventHandler
[22:12:12] [Server thread/DEBUG] [FML]: Registering @EventBusSubscriber for party.lemons.simpleteleporters.item.ItemTeleportCrystal for mod lteleporters
[22:12:12] [Server thread/DEBUG] [FML]: Injected @EventBusSubscriber class party.lemons.simpleteleporters.item.ItemTeleportCrystal
[22:12:12] [Server thread/DEBUG] [FML]: Registering @EventBusSubscriber for party.lemons.simpleteleporters.recipe.RecipePositionDupe for mod lteleporters
[22:12:12] [Server thread/DEBUG] [FML]: Injected @EventBusSubscriber class party.lemons.simpleteleporters.recipe.RecipePositionDupe
[22:12:12] [Server thread/DEBUG] [FML]: Attempting to inject @Config classes into lteleporters for type INSTANCE
[22:12:12] [Server thread/TRACE] [FML]: Sent event FMLConstructionEvent to mod lteleporters
[22:12:12] [Server thread/DEBUG] [FML]: Bar Step: Construction - Simple Teleporters took 0.010s
[22:12:12] [Server thread/TRACE] [FML]: Sending event FMLConstructionEvent to mod spartanshields
[22:12:12] [Server thread/TRACE] [FML]: Mod spartanshields is using network checker : Accepting version 1.5.5
[22:12:12] [Server thread/TRACE] [FML]: Testing mod spartanshields to verify it accepts its own version in a remote connection
[22:12:12] [Server thread/TRACE] [FML]: The mod spartanshields accepts its own version (1.5.5)
[22:12:12] [Server thread/DEBUG] [FML]: Attempting to inject @SidedProxy classes into spartanshields
[22:12:12] [Server thread/DEBUG] [FML]: Attempting to inject @EventBusSubscriber classes into the eventbus for spartanshields
[22:12:12] [Server thread/DEBUG] [FML]: Registering @EventBusSubscriber for com.oblivioussp.spartanshields.event.EventHandlerCommon for mod spartanshields
[22:12:12] [Server thread/DEBUG] [FML]: Injected @EventBusSubscriber class com.oblivioussp.spartanshields.event.EventHandlerCommon
[22:12:12] [Server thread/DEBUG] [FML]: Registering @EventBusSubscriber for com.oblivioussp.spartanshields.init.EnchantmentRegistry for mod spartanshields
[22:12:12] [Server thread/DEBUG] [FML]: Injected @EventBusSubscriber class com.oblivioussp.spartanshields.init.EnchantmentRegistry
[22:12:12] [Server thread/DEBUG] [FML]: Registering @EventBusSubscriber for com.oblivioussp.spartanshields.init.ModelRenderRegistry for mod spartanshields
[22:12:12] [Server thread/DEBUG] [FML]: Injected @EventBusSubscriber class com.oblivioussp.spartanshields.init.ModelRenderRegistry
[22:12:12] [Server thread/DEBUG] [FML]: Registering @EventBusSubscriber for com.oblivioussp.spartanshields.util.ConfigHandler for mod spartanshields
[22:12:12] [Server thread/DEBUG] [FML]: Injected @EventBusSubscriber class com.oblivioussp.spartanshields.util.ConfigHandler
[22:12:12] [Server thread/DEBUG] [FML]: Registering @EventBusSubscriber for com.oblivioussp.spartanshields.init.ItemRegistrySS for mod spartanshields
[22:12:12] [Server thread/DEBUG] [FML]: Injected @EventBusSubscriber class com.oblivioussp.spartanshields.init.ItemRegistrySS
[22:12:12] [Server thread/DEBUG] [FML]: Registering @EventBusSubscriber for com.oblivioussp.spartanshields.init.RecipeRegistry for mod spartanshields
[22:12:12] [Server thread/DEBUG] [FML]: Injected @EventBusSubscriber class com.oblivioussp.spartanshields.init.RecipeRegistry
[22:12:12] [Server thread/DEBUG] [FML]: Registering @EventBusSubscriber for com.oblivioussp.spartanshields.event.EventHandlerClient for mod spartanshields
[22:12:12] [Server thread/DEBUG] [FML]: Injected @EventBusSubscriber class com.oblivioussp.spartanshields.event.EventHandlerClient
[22:12:12] [Server thread/DEBUG] [FML]: Attempting to inject @Config classes into spartanshields for type INSTANCE
[22:12:12] [Server thread/TRACE] [FML]: Sent event FMLConstructionEvent to mod spartanshields
[22:12:12] [Server thread/DEBUG] [FML]: Bar Step: Construction - Spartan Shields took 0.031s
[22:12:12] [Server thread/TRACE] [FML]: Sending event FMLConstructionEvent to mod specialmobs
[22:12:12] [Server thread/TRACE] [FML]: Mod specialmobs is using network checker : Accepting version 1.0.4_for_mc1.12.2
[22:12:12] [Server thread/TRACE] [FML]: Testing mod specialmobs to verify it accepts its own version in a remote connection
[22:12:12] [Server thread/TRACE] [FML]: The mod specialmobs accepts its own version (1.0.4_for_mc1.12.2)
[22:12:12] [Server thread/DEBUG] [FML]: Attempting to inject @SidedProxy classes into specialmobs
[22:12:12] [Server thread/DEBUG] [FML]: Attempting to inject @EventBusSubscriber classes into the eventbus for specialmobs
[22:12:12] [Server thread/DEBUG] [FML]: Attempting to inject @Config classes into specialmobs for type INSTANCE
[22:12:12] [Server thread/TRACE] [FML]: Sent event FMLConstructionEvent to mod specialmobs
[22:12:12] [Server thread/DEBUG] [FML]: Bar Step: Construction - Special Mobs took 0.009s
[22:12:12] [Server thread/TRACE] [FML]: Sending event FMLConstructionEvent to mod treasure2
[22:12:12] [Server thread/TRACE] [FML]: Mod treasure2 is using network checker : Accepting version 2.3.2
[22:12:12] [Server thread/TRACE] [FML]: Testing mod treasure2 to verify it accepts its own version in a remote connection
[22:12:12] [Server thread/TRACE] [FML]: The mod treasure2 accepts its own version (2.3.2)
[22:12:12] [Server thread/DEBUG] [FML]: Attempting to inject @SidedProxy classes into treasure2
[22:12:12] [Server thread/DEBUG] [FML]: Attempting to inject @EventBusSubscriber classes into the eventbus for treasure2
[22:12:12] [Server thread/DEBUG] [FML]: Registering @EventBusSubscriber for com.someguyssoftware.treasure2.block.TreasureBlocks$RegistrationHandler for mod treasure2
[22:12:12] [Server thread/DEBUG] [FML]: Injected @EventBusSubscriber class com.someguyssoftware.treasure2.block.TreasureBlocks$RegistrationHandler
[22:12:12] [Server thread/DEBUG] [FML]: Registering @EventBusSubscriber for com.someguyssoftware.treasure2.item.TreasureItems$PotionRegistrationHandler for mod treasure2
[22:12:12] [Server thread/DEBUG] [FML]: Injected @EventBusSubscriber class com.someguyssoftware.treasure2.item.TreasureItems$PotionRegistrationHandler
[22:12:12] [Server thread/DEBUG] [FML]: Registering @EventBusSubscriber for com.someguyssoftware.treasure2.eventhandler.AdornmentsEventHandler for mod treasure2
[22:12:12] [Server thread/DEBUG] [FML]: Injected @EventBusSubscriber class com.someguyssoftware.treasure2.eventhandler.AdornmentsEventHandler
[22:12:12] [Server thread/DEBUG] [FML]: Registering @EventBusSubscriber for com.someguyssoftware.treasure2.item.TreasureItems$RegistrationHandler for mod treasure2
[22:12:12] [Server thread/DEBUG] [FML]: Injected @EventBusSubscriber class com.someguyssoftware.treasure2.item.TreasureItems$RegistrationHandler
[22:12:12] [Server thread/DEBUG] [FML]: Registering @EventBusSubscriber for com.someguyssoftware.treasure2.config.TreasureConfig$EventHandler for mod treasure2
[22:12:12] [Server thread/DEBUG] [FML]: Injected @EventBusSubscriber class com.someguyssoftware.treasure2.config.TreasureConfig$EventHandler
[22:12:12] [Server thread/DEBUG] [FML]: Registering @EventBusSubscriber for com.someguyssoftware.treasure2.entity.TreasureEntities$RegistrationHandler for mod treasure2
[22:12:12] [Server thread/DEBUG] [FML]: Injected @EventBusSubscriber class com.someguyssoftware.treasure2.entity.TreasureEntities$RegistrationHandler
[22:12:12] [Server thread/DEBUG] [FML]: Attempting to inject @Config classes into treasure2 for type INSTANCE
[22:12:12] [Server thread/TRACE] [FML]: Sent event FMLConstructionEvent to mod treasure2
[22:12:12] [Server thread/DEBUG] [FML]: Bar Step: Construction - Treasure2! took 0.149s
[22:12:12] [Server thread/TRACE] [FML]: Sending event FMLConstructionEvent to mod armoryexpansion-conarm
[22:12:12] [Server thread/TRACE] [FML]: Mod armoryexpansion-conarm is using network checker : Accepting version 1.4.2
[22:12:12] [Server thread/TRACE] [FML]: Testing mod armoryexpansion-conarm to verify it accepts its own version in a remote connection
[22:12:12] [Server thread/TRACE] [FML]: The mod armoryexpansion-conarm accepts its own version (1.4.2)
[22:12:12] [Server thread/DEBUG] [FML]: Attempting to inject @SidedProxy classes into armoryexpansion-conarm
[22:12:12] [Server thread/DEBUG] [FML]: Attempting to inject @EventBusSubscriber classes into the eventbus for armoryexpansion-conarm
[22:12:12] [Server thread/DEBUG] [FML]: Skipping @EventBusSubscriber injection for org.softc.armoryexpansion.ArmoryExpansion since it is not for mod armoryexpansion-conarm
[22:12:12] [Server thread/DEBUG] [FML]: Skipping @EventBusSubscriber injection for org.softc.armoryexpansion.common.integration.modsupport.MatterOverdriveIntegration since it is not for mod armoryexpansion-conarm
[22:12:12] [Server thread/DEBUG] [FML]: Skipping @EventBusSubscriber injection for org.softc.armoryexpansion.common.integration.modsupport.IceAndFireIntegration since it is not for mod armoryexpansion-conarm
[22:12:12] [Server thread/DEBUG] [FML]: Registering @EventBusSubscriber for org.softc.armoryexpansion.common.integration.modsupport.ConArmIntegration for mod armoryexpansion-conarm
[22:12:12] [Server thread/DEBUG] [FML]: Injected @EventBusSubscriber class org.softc.armoryexpansion.common.integration.modsupport.ConArmIntegration
[22:12:12] [Server thread/DEBUG] [FML]: Skipping @EventBusSubscriber injection for org.softc.armoryexpansion.common.integration.modsupport.CustomMaterialsIntegration since it is not for mod armoryexpansion-conarm
[22:12:12] [Server thread/DEBUG] [FML]: Attempting to inject @Config classes into armoryexpansion-conarm for type INSTANCE
[22:12:12] [Server thread/TRACE] [FML]: Sent event FMLConstructionEvent to mod armoryexpansion-conarm
[22:12:12] [Server thread/DEBUG] [FML]: Bar Step: Construction - Armory Expansion - Construct's Armory took 0.009s
[22:12:12] [Server thread/DEBUG] [FML]: Bar Finished: Construction took 2.102s
[22:12:12] [Server thread/DEBUG] [FML]: Mod signature data
[22:12:12] [Server thread/DEBUG] [FML]:  	Valid Signatures:
[22:12:12] [Server thread/DEBUG] [FML]: 		(e3c3d50c7c986df74c645c0ac54639741c90a557) FML	(Forge Mod Loader	8.0.99.99)	forge-1.12.2-14.23.5.2860.jar
[22:12:12] [Server thread/DEBUG] [FML]: 		(e3c3d50c7c986df74c645c0ac54639741c90a557) forge	(Minecraft Forge	14.23.5.2860)	forge-1.12.2-14.23.5.2860.jar
[22:12:12] [Server thread/DEBUG] [FML]: 		(b33d2c8df492beff56d1bbbc92da49b8ab7345a1) conarm	(Construct's Armory	1.2.5.10)	conarm-1.12.2-1.2.5.10.jar
[22:12:12] [Server thread/DEBUG] [FML]: 		(aaaf83332a11df02406e9f266b1b65c1306f0f76) cosmeticarmorreworked	(CosmeticArmorReworked	1.12.2-v5a)	CosmeticArmorReworked-1.12.2-v5a.jar
[22:12:12] [Server thread/DEBUG] [FML]: 		(55d2cd4f5f0961410bf7b91ef6c6bf00a766dcbe) inventorytweaks	(Inventory Tweaks	1.63+release.109.220f184)	InventoryTweaks-1.63.jar
[22:12:12] [Server thread/DEBUG] [FML]:  	Missing Signatures:
[22:12:12] [Server thread/DEBUG] [FML]: 		minecraft	(Minecraft	1.12.2)	minecraft.jar
[22:12:12] [Server thread/DEBUG] [FML]: 		mcp	(Minecraft Coder Pack	9.42)	minecraft.jar
[22:12:12] [Server thread/DEBUG] [FML]: 		abyssaldepths	(Abyssal Depths	1.12.2-0.3.2)	AbyssalDepths-1.12.2-0.3.2.jar
[22:12:12] [Server thread/DEBUG] [FML]: 		aether_legacy	(The Aether	1.5.4.1)	aether-1.12.2-v1.5.4.1.jar
[22:12:12] [Server thread/DEBUG] [FML]: 		aquaculture	(Aquaculture	1.6.8)	Aquaculture-1.12.2-1.6.8.jar
[22:12:12] [Server thread/DEBUG] [FML]: 		mantle	(Mantle	1.12-1.3.3.55)	Mantle-1.12-1.3.3.55.jar
[22:12:12] [Server thread/DEBUG] [FML]: 		jei	(Just Enough Items	4.16.1.1013)	jei_1.12.2-4.16.1.1013.jar
[22:12:12] [Server thread/DEBUG] [FML]: 		twilightforest	(The Twilight Forest	3.11.1021)	twilightforest-1.12.2-3.11.1021-universal.jar
[22:12:12] [Server thread/DEBUG] [FML]: 		tconstruct	(Tinkers' Construct	1.12.2-2.13.0.183)	TConstruct-1.12.2-2.13.0.183.jar
[22:12:12] [Server thread/DEBUG] [FML]: 		armoryexpansion	(Armory Expansion	1.4.2)	armoryexpansion-1.4.2.jar
[22:12:12] [Server thread/DEBUG] [FML]: 		armoryexpansion-custommaterials	(Armory Expansion - Custom Materials	1.4.2)	armoryexpansion-1.4.2.jar
[22:12:12] [Server thread/DEBUG] [FML]: 		armoryexpansion-iceandfire	(Armory Expansion - Ice and Fire	1.4.2)	armoryexpansion-1.4.2.jar
[22:12:12] [Server thread/DEBUG] [FML]: 		armoryexpansion-matteroverdrive	(Armory Expansion - MatterOverdrive	1.4.2)	armoryexpansion-1.4.2.jar
[22:12:12] [Server thread/DEBUG] [FML]: 		baubles	(Baubles	1.5.2)	Baubles-1.12-1.5.2.jar
[22:12:12] [Server thread/DEBUG] [FML]: 		atum	(Atum 2	2.0.20)	Atum-1.12.2-2.0.20.jar
[22:12:12] [Server thread/DEBUG] [FML]: 		backpack	(Backpack	3.0.2)	backpack-3.0.2-1.12.2.jar
[22:12:12] [Server thread/DEBUG] [FML]: 		better_diving	(Better Diving	1.5.8)	BetterDiving-1.12.2-1.5.8.jar
[22:12:12] [Server thread/DEBUG] [FML]: 		coralreef	(Coralreef	2.0)	CoralReef-2.5-1.12.2.jar
[22:12:12] [Server thread/DEBUG] [FML]: 		dldungeonsjbg	(Doomlike Dungeons	1.14.14)	dldungeonsjbg-1.14.14-MC1.12.2.jar
[22:12:12] [Server thread/DEBUG] [FML]: 		dungeontactics	(DungeonTactics	DT-0.16.9)	DungeonTactics-1.12.2-0.16.9.jar
[22:12:12] [Server thread/DEBUG] [FML]: 		gottschcore	(GottschCore	1.15.1)	GottschCore-mc1.12.2-f14.23.5.2859-v1.15.1.jar
[22:12:12] [Server thread/DEBUG] [FML]: 		gravestone	(Gravestone Mod	1.10.3)	gravestone-1.10.3.jar
[22:12:12] [Server thread/DEBUG] [FML]: 		journeymap	(JourneyMap	1.12.2-5.7.1p3)	journeymap-1.12.2-5.7.1p3.jar
[22:12:12] [Server thread/DEBUG] [FML]: 		levelup2	(Level Up! Reloaded	${version})	levelup2-1.5.8.jar
[22:12:12] [Server thread/DEBUG] [FML]: 		mca	(Minecraft Comes Alive	6.1.0)	MCA-1.12.2-6.1.0-universal.jar
[22:12:12] [Server thread/DEBUG] [FML]: 		roguelike	(Roguelike Dungeons	1.8.0)	RoguelikeDungeons-1.12.2-1.8.0.jar
[22:12:12] [Server thread/DEBUG] [FML]: 		ruins	(Ruins Mod	17.2)	Ruins-1.12.2.jar
[22:12:12] [Server thread/DEBUG] [FML]: 		signpost	(Signpost	1.08.5)	signpost-1.12.2-1.08.5.jar
[22:12:12] [Server thread/DEBUG] [FML]: 		lteleporters	(Simple Teleporters	1.12.2-3.0.2)	simpleteleporters-1.12.2-3.0.2.jar
[22:12:12] [Server thread/DEBUG] [FML]: 		spartanshields	(Spartan Shields	1.5.5)	SpartanShields-1.12.2-1.5.5.jar
[22:12:12] [Server thread/DEBUG] [FML]: 		specialmobs	(Special Mobs	1.0.4_for_mc1.12.2)	specialmobs-1.0.4_for_mc1.12.2.jar
[22:12:12] [Server thread/DEBUG] [FML]: 		treasure2	(Treasure2!	2.3.2)	Treasure2-mc1.12.2-f14.23.5.2859-v2.3.2.jar
[22:12:12] [Server thread/DEBUG] [FML]: 		armoryexpansion-conarm	(Armory Expansion - Construct's Armory	1.4.2)	armoryexpansion-1.4.2.jar
[22:12:12] [Server thread/INFO] [FML]: Processing ObjectHolder annotations
[22:12:13] [Server thread/INFO] [FML]: Found 1797 ObjectHolder annotations
[22:12:13] [Server thread/INFO] [FML]: Identifying ItemStackHolder annotations
[22:12:13] [Server thread/INFO] [FML]: Found 0 ItemStackHolder annotations
[22:12:13] [Server thread/TRACE] [FML]: Sending event FMLPreInitializationEvent to mod minecraft
[22:12:13] [Server thread/TRACE] [FML]: Sent event FMLPreInitializationEvent to mod minecraft
[22:12:13] [Server thread/DEBUG] [FML]: Bar Step: PreInitialization - Minecraft took 0.000s
[22:12:13] [Server thread/TRACE] [FML]: Sending event FMLPreInitializationEvent to mod mcp
[22:12:13] [Server thread/TRACE] [FML]: Sent event FMLPreInitializationEvent to mod mcp
[22:12:13] [Server thread/DEBUG] [FML]: Bar Step: PreInitialization - Minecraft Coder Pack took 0.000s
[22:12:13] [Server thread/TRACE] [FML]: Sending event FMLPreInitializationEvent to mod FML
[22:12:13] [Server thread/TRACE] [FML]: Sent event FMLPreInitializationEvent to mod FML
[22:12:13] [Server thread/DEBUG] [FML]: Bar Step: PreInitialization - Forge Mod Loader took 0.000s
[22:12:13] [Server thread/TRACE] [FML]: Sending event FMLPreInitializationEvent to mod forge
[22:12:13] [Server thread/INFO] [FML]: Configured a dormant chunk cache size of 0
[22:12:13] [Server thread/TRACE] [FML]: Sent event FMLPreInitializationEvent to mod forge
[22:12:13] [Server thread/DEBUG] [FML]: Bar Step: PreInitialization - Minecraft Forge took 0.041s
[22:12:13] [Server thread/TRACE] [FML]: Sending event FMLPreInitializationEvent to mod abyssaldepths
[22:12:13] [Server thread/TRACE] [FML]: Sent event FMLPreInitializationEvent to mod abyssaldepths
[22:12:13] [Server thread/DEBUG] [FML]: Bar Step: PreInitialization - Abyssal Depths took 0.000s
[22:12:13] [Server thread/TRACE] [FML]: Sending event FMLPreInitializationEvent to mod aether_legacy
[22:12:13] [Forge Version Check/INFO] [forge.VersionCheck]: [gottschcore] Starting version check at https://raw.githubusercontent.com/gottsch/gottsch-minecraft-GottschCore/1.12.2-master/update.json
[22:12:13] [Server thread/TRACE] [FML]: Sent event FMLPreInitializationEvent to mod aether_legacy
[22:12:13] [Server thread/DEBUG] [FML]: Bar Step: PreInitialization - The Aether took 0.296s
[22:12:13] [Server thread/TRACE] [FML]: Sending event FMLPreInitializationEvent to mod aquaculture
[22:12:13] [Forge Version Check/DEBUG] [forge.VersionCheck]: [gottschcore] Received version check data:
{
    "homepage": "https://www.curseforge.com/minecraft/mc-mods/gottschcore",
    "promos": {
    "1.12.2-latest": "1.15.0",
    "1.12.2-recommended": "1.15.0"
  },
    "1.12.2": {
        "1.0.0": "-Initial release.",
     	"1.0.1": "-Set modEnabled config property with default value.\n-Removed latestVersion property from AbstractMod forcing concrete classes to implement.", 
 		"1.1.0": "-Added new builder classes that build wrapper classes for common Minecraft classes (ex. Block, Item, ItemSword, etc).\nBug fixes.",
 		"1.1.1": "-Added additional util methods.\n-Fixed Cube and Coords classes and WorldInfo methods.",
 		"1.1.2": "-Added additional WorldInfo methods.",
 		"1.2.0": "-Added AbstractModContainerBlock, AbstractModTileEntity.\nAdded getUpateURL() to IMod.\n-Renamed getVerisionURL to getVersionURL in IMod.\n-Added readFromNBT() and writeToNBT() methods to ICoords/Coords class.\n-VersionChecker now first attempts to use the Forge update.json to track versions.",
 		"1.3.0": "-see changelog @ https://gist.github.com/gottsch/75a22a51a52d0fe8bf5f6711d4a65700",
 		"1.3.5": "-see changelog @ https://gist.github.com/gottsch/75a22a51a52d0fe8bf5f6711d4a65700",
 		"1.4.0": "-see changelog @ https://gist.github.com/gottsch/75a22a51a52d0fe8bf5f6711d4a65700",
 		"1.5.0": "-see changelog @ https://gist.github.com/gottsch/75a22a51a52d0fe8bf5f6711d4a65700",
 		"1.5.1": "-see changelog @ https://gist.github.com/gottsch/75a22a51a52d0fe8bf5f6711d4a65700",
 		"1.6.0": "-see changelog @ https://gist.github.com/gottsch/75a22a51a52d0fe8bf5f6711d4a65700",
 		"1.7.0": "-see changelog @ https://gist.github.com/gottsch/75a22a51a52d0fe8bf5f6711d4a65700",
 		"1.8.0": "-see changelog @ https://gist.github.com/gottsch/75a22a51a52d0fe8bf5f6711d4a65700",
 		"1.9.0": "-see changelog @ https://gist.github.com/gottsch/75a22a51a52d0fe8bf5f6711d4a65700",
 		"1.10.0": "-see changelog @ https://gist.github.com/gottsch/75a22a51a52d0fe8bf5f6711d4a65700",
 		"1.11.0": "-see changelog @ https://gist.github.com/gottsch/75a22a51a52d0fe8bf5f6711d4a65700",
 		"1.12.0": "-see changelog @ https://gist.github.com/gottsch/75a22a51a52d0fe8bf5f6711d4a65700",
 		"1.12.1": "-see changelog @ https://gist.github.com/gottsch/75a22a51a52d0fe8bf5f6711d4a65700",
 		"1.13.0": "-see changelog @ https://gist.github.com/gottsch/75a22a51a52d0fe8bf5f6711d4a65700",
 		"1.13.1": "-see changelog @ https://gist.github.com/gottsch/75a22a51a52d0fe8bf5f6711d4a65700",
 		"1.14.0": "-see changelog @ https://gist.github.com/gottsch/75a22a51a52d0fe8bf5f6711d4a65700",
 		"1.14.1": "-see changelog @ https://gist.github.com/gottsch/75a22a51a52d0fe8bf5f6711d4a65700",
 		"1.15.0": "-see changelog @ https://gist.github.com/gottsch/75a22a51a52d0fe8bf5f6711d4a65700"
    }
}

[22:12:13] [Forge Version Check/INFO] [forge.VersionCheck]: [gottschcore] Found status: AHEAD Target: null
[22:12:13] [Forge Version Check/INFO] [forge.VersionCheck]: [twilightforest] Starting version check at https://raw.githubusercontent.com/TeamTwilight/twilightforest/1.12.x/update.json
[22:12:13] [Server thread/TRACE] [FML]: Automatically registered mod aquaculture entity CustomFishHook as aquaculture:custom_fish_hook
[22:12:13] [Server thread/TRACE] [FML]: Sent event FMLPreInitializationEvent to mod aquaculture
[22:12:13] [Server thread/DEBUG] [FML]: Bar Step: PreInitialization - Aquaculture took 0.046s
[22:12:13] [Server thread/TRACE] [FML]: Sending event FMLPreInitializationEvent to mod mantle
[22:12:13] [Server thread/TRACE] [FML]: Sent event FMLPreInitializationEvent to mod mantle
[22:12:13] [Server thread/DEBUG] [FML]: Bar Step: PreInitialization - Mantle took 0.001s
[22:12:13] [Server thread/TRACE] [FML]: Sending event FMLPreInitializationEvent to mod jei
[22:12:13] [Server thread/TRACE] [FML]: Sent event FMLPreInitializationEvent to mod jei
[22:12:13] [Server thread/DEBUG] [FML]: Bar Step: PreInitialization - Just Enough Items took 0.025s
[22:12:13] [Server thread/TRACE] [FML]: Sending event FMLPreInitializationEvent to mod twilightforest
[22:12:13] [Forge Version Check/DEBUG] [forge.VersionCheck]: [twilightforest] Received version check data:
{
  "homepage": "https://minecraft.curseforge.com/projects/the-twilight-forest",
  "1.12.2": {
    "3.8.689": "ADDED:\n • Extra Mob transformations for Powder of Transformation!\n\nCHANGED:\n • Improved textures for Uncrafting Table, Trophy Pedestal, Block-Chain Goblins, and Hermit Crabs.\n • Shield Scepter's magic shields render fully lit now, unaffected by darkness.\n • The magic shields also render in first-person.\n\nFIXED:\n • Fix crash when parrying Naga.\n • Fix crash with Trophy Pedestals upon unexpected Moonworm.\n • Small-time optimizations and code tidying here and there!",
    "3.8.654": "FIXES:\n • Hotfix: Fixed a crash that happened on dedicated servers due to the new IE shaders.",
    "3.8.652": "ADDED:\n • Added a Quadraxis to the team, A great addition to the mod.\n • Added Auroralized Glass.\n • Added actual Castle Brick Stairs, literally the sequel to Jesus.\n • Cicadas can now be shot from an Immersive Engineering Railgun. You monster.\n • Added the Skylight Forest.\n      • Skylight Forest is a skyblock variant of Twilight Forest with only structures generating on their own little islands and everything else as void.\n • Parrots can now mimic any and all mobs in the mod. :parrot_party:\n • Added the Scepter of Fortification\n      • A new scepter dropped by the Lich that summons five (5) shields around you that each block a hit.\n      • Progression advancements each grant three (3) shields that don't decay over time.\n • The Naga Can now be dazed if it rams a blocking shield with its charge attack, knocking you both backwards in the process.\n • Giant Tools now have a longer reach.\n • The uncrafting Table is now compatible with shapeless recipes. It totally didn't become twice as broken in potential!\n      • It can now also cycle through multiple recipes in case of conflict.\n • Added tool shaders for Immersive Engineering with their own rarity, these include:\nTwilight, Firefly, Pinch Beetle, Snakestone, Mazestone, Underbrick, Towerwood, Carminite, Auroralized, Ironwood, Steeleaf, Knightly, Fiery, Final Castle, Cube of Annihilation, Questing Ram, Naga, Lich, Minoshroom, Hydra, Knight Phantom, Ur-Ghast, Alpha Yeti, Snow Queen.\n\nCHANGED:\n • Reworked the Druid Huts completely.\n      • Druid Huts are no longer the number one fire hazard in the forest. \n • /tffeature now can locate structures and can use tab-completion for so.\n • Phantom Armor when worn is now kept on death.\n      • It also cannot be enchanted with Curse of Binding and Curse of Vanishing anymore.\n • Improved handling of items displaced by a Charm of Keeping, should be more reliable now.\n • Tweaked Axe damage and speed values to better match vanilla.\n • Blacklisted surface lakes from some of the biomes.\n • Mobs like Deer, Boars, etc. are now unable to spawn on the Glacier.\n • The Minoshroom's charge attack now breaks through blocks.\n • Spiral Bricks are now in the creative menu.\n • Maze ceilings now always generated if there is no terrain.\n • Strongholds are now marked as clear on the last Knight's death.\n • Tweaked the Synergy tool trait.\n • There can now be multiple portal activations items specified in the config.\n • Twilight Saplings can now be used as Furnace fuel.\n • The Encased Firejet and Smoker now count as a wood material instead of stone.\n • Arctic Fur Blocks now break faster with shears.\n • Fiddleheads now require Shears to harvest.\n • The Lich's shields are now proper 3D models instead of two textures loosely glued together.\n • TF now registers its TEs under our own namespace, not the default. We have a datafixer that handles the transition, but once updated to this version the datafix is irreversible.\n\nFIXED:\n • Players can no longer spawn on top of the portal which would teleport them back into the overworld right away. Good lord that was annoying.\n      • Improved a lot of the logic relating to the Twilight Forest portal.\n • Fixed an issue with Trophy Pedestal progression where it didn't unlock after the Lich.\n • Remeasured the sizes of goblin's feet. Their boots should render on and fit them again.\n • The Seeker Bow now actually, you know, seeks again.\n • Fixed crash related to getting localized names of saplings on servers.\n • Removed a redundant language key in the Forgotten Explorer book for Yeti Caves.\n • Fixed Minotaurs dropping Magic Map foci instead of Maze Map.\n • Fiery tool heads now correctly have the missing Twilit and Flammable traits.\n • Changed the grip on the Moonworm Queen to be more comfortable, now correctly holding it as a tool in third person view.\n • Fixed a portal generation issue where it would generate underwater.\n • Added a null-check to tile entity access, fixing a crash with Mystcraft.\n • Cleaned up Bauble handling code, fixing console spam.\n • Fixed the blockstate rotations for Castle Brick Stair variants.\n • Fixed the lighting on some of the stair blocks.\n • Fixed incorrect level cost being shown for some recrafting recipes.\n • Giant blocks now correctly tile their texture.\n • Fixed a lighting issue on Fiery Blocks.\n • Portals are now prevented from generating inside of structures.\n • Refactored Naga Courtyard code, hopefully fixes generation issues.\n • Alternate Naga Courtyard Terrace pieces now generate again. #BlameDrullkus\n • Fixed a crash with the Uncrafting Table by adding some more checks.\n • The Fiery Pickaxe now correctly smelts every item a block drops if it drops multiple.\n • Fixed a Repeater in the Dark Tower not repeating what should be repeated, with delay.\n • Giant Leaves are now correctly tinted in inventories.\n • Fixed Uberous Soil not generating at the correct height.\n • Fixed the Snow Queen marking the wrong structure conquered on death.\n • Fixed the Charm of Keeping effects.\n • Setting the game to peaceful now correctly has the Snow waifu Queen put her spawner back.\n • Snow Queen minions now correctly spawn inside of the boss room during the fight.\n • Giant Tools are now held in a more human like fashion.\n • Firefly, Moonworm, and Cicada no longer use Soul Sand as their breaking particles.\n • Fixed the texture auto generator only processing first texture in array.\n • Lampposts can now generate again after several years. Neat.\n • Large mushrooms should no longer piggyback on top of each other.\n • Seeds even with only numbers were being used as seeds to make a random number seed instead of directing being used as a random number seed. Confusing, we know!",
    "3.7.424": "ADDED:\n • We split the progression into three separate lines, meaning that instead of clearing one dungeon and moving to the next in line, you now have the choice after defeating the Lich to go to the Hydra, Ur-Ghast, or Aurora Palace first.\nDefeating all three is still necessary to gain access to the Highlands.\n • Tinkers' Construct integration!\n      • Added Tinker's Construct Integration with Naga Scales, Steeleaves, Fiery Ingots, Knightmetal Ingots, and Raven's Feathers to make materials & tools out of.\n      • Added unique traits for each material:\n           • Twilit appears on all Twilight Forest materials, meaning your tool gains +2 speed in the Twilight Forest and deals +2 damage in any other dimension.\n           • Precipitate appears on Naga Scale materials, it lets you use the tool quicker with the lesser health on your Player.\n           • Synergy appears on Steeleaf materials, it will passively repair the tool if you have Steeleaf in your hotbar. The more Steeleaves you have in the hotbar, the faster it repairs.\n           • Stalwart appears on Knightmetal materials, it will make you more resilient in combat.\n           • Veiled appears on Raven's Feather materials, it will render arrows invisible.\n • Baubles integration!\n      • All charms can now be used in the off-hand and also equipped in the Baubles inventory.\n      • All tiers of the Charm of Keeping will keep the Baubles Inventory.\n • Thaumcraft Compat: Live & Reloaded! All items and blocks (aside from unobtainable and some WIP items) now have aspects.\n • Added a config option to make the Portal creation lightning not cause fires, disable it if you're against pyromania derrived fun.\n • Made a new potion effect for the ice render effect from Ice Bombs, Ice Bow, etc. instead of putting it on the Slowness effect.\n      • This also stops ice getting applied getting the slowness effect under certain conditions.\n • The Block and Chain now disables shields like an axe.\n • Added config option for players spawning for the first time to spawn in the Twilight Forest. Off by default.\n • Added config option to make Twilight Portals create a blocked-off portal at their destination. Toss in the activation item to unblock the portal. Off by default.\n • Added recipes where Iron armor and tools can be crafted directly into their Fiery counterparts.\n • Added Shield-Parrying for all Twilight Forest Projectiles. Installing https://minecraft.curseforge.com/projects/parry Shield Parry mod causes Twilight Forest to skip its parrying methods.\n • Updated the Japanese language file.\n • Updated the Chinese language file.\n • The Russian language file now covers everything in the mod.\nCHANGED:\n • Changed the Creative menu icon to the Miniature Portal item.\n • The advancements Past the Thorns and So Castle Very Wow now have a [NYI] tag in their names to signify they are not functional yet.\n • All tiers of the Charm of Keeping now preserve items in the off-hand slot.\n • Charm of Keeping usage now drops any items that would be overwritten by an item saved to prevent item loss if something is put in the player's inventory.\n • Code Improvements for Naga Courtyard.\nFIXED:\n • Magic Maps now properly update after switching Dimensions\n • The Zombie Scepter no longer joins its zombie kind by destroying itself at 0 durability.\n • Special leaves in Twilight Forest are now using the ore dictionary properly. (This totally wasn’t solved previously and went undocumented we swear.)\n • Ore magnet no longer checks ModID in the registry string.\n • Mazestone and its variants once again consume 16 durability from your mining tools when mined.\n • Castle Doors no longer have their texture broken.\n • Charm of Life effect upon death now uses the correct sprite.\n • Improved algorithm for the Miner's Tree, it should be less confused and stuck when trying to pull ores from the ground.\n • Fixed some blocks missing getBlockFaceShape overrides, causing glass panes, fences, walls, etc. to connect to blocks when they shouldn't.\n • Fixed the placement problems with Spiral Bricks and took off the [WIP] tag.\n • Finally fixed texture and UV problems with Knightly Armor and Phantom Armor; rejoice!\n • Ur-Ghast's tears should be visible again in Multiplayer when it's throwing a tantrum.",
    "3.6.345": "FIXES:\n • Hotfix: Fixed players getting kicked from servers when near locked structures.",
    "3.6.343": "FIXES:\n • Hotfix: Fixed Sponge server crashing related to packet fix last release.",
    "3.6.342": "ADDED:\n • Not yet fully implemented Tinkers' Construct compatibility for some of our materials to make tools out of.\n\nFIXES:\n • Fixed our Forge minimum version dependency string being behind.\n • Fixed potential console spam related to weather rendering when the mod 'Fancy Block Particles' is present.\n • Added a message that if Sponge is installed the max bounding-box-size should be adjusted for Hydras to show up properly.\n • Removed the structure layout print debug that appears in the console, made it into the release on accident.\n • Fixed a config-related crash.\n • Fixed a generation problem with terraces being mashed together despite us telling them not do.",
    "3.6.324": "ADDED:\n • The Naga Courtyard has received a complete revamp while maintaining the old style of it.\n      • More things are planned at a later date for a second batch.\n • Many new blocks styled for and after the Naga including but not limited to:\n      • Etched Nagastone\n           • Block is available in 6 rotations. It's a block that kind of is placed like a pillar except the swirls on the block are placed dependent on the direction you placed.\n           • Has 2x2 stone tiles on the end.\n           • Comes in normal, mossy, and cracked variants.\n      • Nagastone Pillar\n           • Block is available in 3 axal rotations.\n           • Works like vanilla Quartz Pillar Block.\n           • Comes in normal, mossy, and cracked variants.\n      • Nagastone Stairs\n           • Textures like Etched Nagastone.\n           • Has Left and Right facing variants dictating which way the swirls go.\n           • Both Left and Right come in normal, mossy, and cracked variants.\n      • Spiral Stone Bricks\n           • Can be used in a 2x2 patterns to make a complete spiral.\n           • The block itself is in 3D and has depth not only through shading.\n • The Uncrafting Table was added to the list of Crafting Tables for the Crafting Category in JEI.\n • Two original music tracks by MrOwltkins were added.\n • Updated our Chinese language file thanks to 3TUSK.\nCHANGED:\n • Block And Chain now appears from your left hand if used in the off-hand slot.\n      • Also cleaned up the code around there.\n • shifted the Knightmetal Loop texture to the middle.\n • Block and Chain + Cube of Annihilation leave their x16 boundary to accommodate their texture.\n • Made the Block and Chain thicker when held.\n • The Block and Chain recieved a model override, the texture will change to only the loop when it is thrown.\n      • Cube of Annihilation recieved a new texture for this too.\n • Optimized Cicadas, Fireflies, and Moonworms for the server side.\n      • Made TF Critters not tick at all on the server side.\n • Wispy Clouds are now dropped when broken.\n • Removed unused EntityTFTinyFirefly (old version of ParticleFirefly).\n • Made Castle Doors breakable again so people can use them until the Final Castle is implemented fully, afterwards we'll prevent them from breaking until the structure is cleared.\n • Broke the fourth wall, wont fix.\nFIXES:\n • Made the player invulnerable when teleporting across dimensions, this was the issue causing players to wrongly teleport.\n      • Fixed the issue when going through a portal would displace you up in the air.\n • Moved the language key for \"Underbrick Floor\" from meta 2 to meta 3 to fix lang entry collision for Underbrick.\n • Fixed a crash that happened due to the mod OpenTerrainGenerator.\n • Magic Beans once again properly grow into beanstalks on dedicated servers.\n • The vignette that appears in low light no longer randomly flickers in the Twilight Forest.\n • Fixed Root Strands being offset downwards for the second time, hopefully preventing them to sag with age.\n • Placing a giant block where it would replace a snow layer no longer crashes the client.\n • Moonworm Queen no longer breaks like a tool when it hits 0 durability.\n      • Only the Moonworm Queen you're using should wiggle now instead of all of them when you have multiple.\n • Scepter of Twilight/Life Draining once again can be recharged.\n • Fixed the broken fourth wall.",
    "3.5.263": "ADDED:\n • Added compatibility for many of our blocks with Chisel.\n • Crafting recipes added for Final Castle related blocks.\n      • Vanilla's block to stairs ratio in crafting makes no sense, we opted for the stair recipes to give you 8 instead of the usual 4.\n\nCHANGED:\n • \"And Drullkus said; \"let portals be shapeless!\" And it was so.\"\n      • Portals can now be made into any horizontal shape.\n      • They still have the same requirements (water pool, plants surrounding it, etc.)\n\nFIXES:\n • Fixed a serious crash involving the Anti-Builder.\n • Fixed an issue with the Trophies interacting with other mods such as Skillable.\n      • Also caught an Item Stack null.\n • All magic tree log variants now drop their respective wood properly.\n • Made sure bosses are recognised as such by the game.\n • Collected all of the Fireflies that escaped the Firefly Jar and put them back in.\n      • The Firefly \"block\" also gives off its little firefly lights again.\n • Resolved some Hydra rotation issues; it should no longer track you by spinning around at the speed of sound.",
    "3.4.239": "ADDED:\n • We now have loading screens when going to the Twilight Forest! \n • The Naga and Lich now have fancy incremental boss bars for the body segments and phases respectively.\n • The Block of Fiery Metal now has a fancy model.\n • Arctic armour now has lore text that makes it clear it can be dyed.\n     • Also added a advancement related to dying Arctic armour.\n • Armour made from boss drops now have damage resistance, balanced relative to the progression.\n • Death Tome has a chance to drop enchanted books.\n\nCHANGED:\n • Quest Ram now pulls rewards from a loot table.\n • Uncrafting Table now returns materials directly to inventory like 1.12 vanilla Crafting Table.\n • Changing dimension ID of the TF now requires a relaunch.\n • Changing seed of your world now needs the world reloaded.\n • The 'shedding' from Death Tomes now draws from a loot table.\n • Block of Fiery Metal now stays lit when set on fire.\n • Made the boss spawner unbreakable, no more pacifist route unless on peaceful.\n • The Ore Magnet no longer moves ores if it is a tile entity.\n •  Ghast Trap advancement is more specific in its wording.\n • Updated our JEI dependency to a newer version.\n\nFIXES:\n • Fixed Ironwood model.\n • Set particle Firefly size to 0 so they don't keep blinking in and out in F3+B mode.\n • Fixed a bug where all storage blocks worked as fuel.\n • Fixed Block of Fiery Metal and Block of Ironwood having parts render solid black without CTM.\n • Spruce trees in the snow biomes are no longer partially oak logs.\n • Giant blocks no longer destroy other blocks upon placement, including bedrock and the laws of physics.\n • Charm of Keeping and Charm of Life no longer conflict resulting in item loss, they now properly take turns and play nice.\n • Fiery Tears and Blood now show as interchangeable in JEI.\n • Roots no longer replace important blocks in generation.\n • Cleaned up the chunk generator some more.",
    "3.3.202": "ADDED:\n • Block of Fiery Metal now deals damage when walked on.\n • Block of Arctic Fur reduces fall damage by 90%.\n • Block of Steeleaf reduces fall damage by 25%.\n • Advancement called \"Something Strange in The Towerwood\" was added.\n • Questing Ram has its own spawn egg now.\n • Questing Ram Trophy makes adorable noises now.\n • When a worn bug dies it now makes a *squish* sound.\n • The Anti-Builder now has a blacklist feature for people to prevent blocks being  destroyed, a must have for mods that add graves.\n • Added proper breaking particles to Device Translucent and the Castle Doors.\n • Added names to multiple unlocalised blocks.\n\nCHANGES:\n • Made axes not terrible damage wise.\n • Buffed the Giant Sword.\n • Added proper sounds and material to the new storage blocks.\n • Tri-Bow no longer creates free arrows, only one can be picked up again when shot.\n • New storage blocks can now be used as base blocks for a beacon.\n • Magic tree cores no longer drop with Silk Touch.\n • Final Castle doors are now in the creative menu and can be pick-blocked.\n • Some advancement names and descriptions had changes.\n\nFIXES:\n • Fixed the Magic Map grinding your FPS to a halt over time, thousands of duplicate icons were hogging up all the precious memory over time.\n • The new storage blocks now show up in the creative menu.\n • Fixed the shadows of several mobs, no longer does the Alpha Yeti feel like a Beta Yeti.\n • Knightly Axe now properly deals extra damage to unarmoured targets.\n • Temporary workaround to not display the dismount message when a Pinch Beetle grabs you.\n • Fixed Magic Beans not getting consumed upon use.\n • Hydra can now rotate its body again.\n • Hydra will no longer harm itself, it enjoys life once again.\n • Unstable Ice Cores will no longer be griefing jerks with the MobGriefing gamerule being false.\n    • The Hydra's mortar attack now also respects MobGriefing.\n • All mobs with a breath like attacks now have it functioning properly again.\n    • Also fixed the particle rendering of the Snow Queen's icy breath.\n • Charm of Keeping should now activate before a gravestone mod can take hold of your items.\n • Fixed a transparency issue when wearing the Quest Ram Trophy.\n • The mushroom growing on the Minoshroom's head is back where it belongs.\n • Roots are no longer offset by one pixel down.\n • Swarm Spiders and Carminite Broodlings are no longer intimate with ceilings to the point of death."
  },
  "promos": {
    "1.12.2-latest": "3.8.689",
    "1.12.2-recommended": "3.8.689",
    "1.7.10-latest": "2.3.7",
    "1.7.10-recommended": "2.3.7"
  }
}
[22:12:13] [Forge Version Check/INFO] [forge.VersionCheck]: [twilightforest] Found status: AHEAD Target: null
[22:12:13] [Forge Version Check/INFO] [forge.VersionCheck]: [gravestone] Starting version check at http://maxhenkel.de/update/gravestone.json
[22:12:13] [Forge Version Check/DEBUG] [forge.VersionCheck]: Failed to process update information
java.io.FileNotFoundException: http://maxhenkel.de/update/gravestone.json
	at sun.reflect.NativeConstructorAccessorImpl.newInstance0(Native Method) ~[?:1.8.0_442]
	at sun.reflect.NativeConstructorAccessorImpl.newInstance(NativeConstructorAccessorImpl.java:62) ~[?:1.8.0_442]
	at sun.reflect.DelegatingConstructorAccessorImpl.newInstance(DelegatingConstructorAccessorImpl.java:45) ~[?:1.8.0_442]
	at java.lang.reflect.Constructor.newInstance(Constructor.java:423) ~[?:1.8.0_442]
	at sun.net.www.protocol.http.HttpURLConnection$10.run(HttpURLConnection.java:1967) ~[?:1.8.0_442]
	at sun.net.www.protocol.http.HttpURLConnection$10.run(HttpURLConnection.java:1962) ~[?:1.8.0_442]
	at java.security.AccessController.doPrivileged(Native Method) ~[?:1.8.0_442]
	at sun.net.www.protocol.http.HttpURLConnection.getChainedException(HttpURLConnection.java:1961) ~[?:1.8.0_442]
	at sun.net.www.protocol.http.HttpURLConnection.getInputStream0(HttpURLConnection.java:1531) ~[?:1.8.0_442]
	at sun.net.www.protocol.http.HttpURLConnection.access$200(HttpURLConnection.java:92) ~[?:1.8.0_442]
	at sun.net.www.protocol.http.HttpURLConnection$9.run(HttpURLConnection.java:1507) ~[?:1.8.0_442]
	at sun.net.www.protocol.http.HttpURLConnection$9.run(HttpURLConnection.java:1505) ~[?:1.8.0_442]
	at java.security.AccessController.doPrivileged(Native Method) ~[?:1.8.0_442]
	at java.security.AccessController.doPrivilegedWithCombiner(AccessController.java:784) ~[?:1.8.0_442]
	at sun.net.www.protocol.http.HttpURLConnection.getInputStream(HttpURLConnection.java:1504) ~[?:1.8.0_442]
	at net.minecraftforge.common.ForgeVersion$1.openUrlStream(ForgeVersion.java:239) ~[ForgeVersion$1.class:14.23.5.2860]
	at net.minecraftforge.common.ForgeVersion$1.process(ForgeVersion.java:252) [ForgeVersion$1.class:14.23.5.2860]
	at net.minecraftforge.common.ForgeVersion$1.run(ForgeVersion.java:201) [ForgeVersion$1.class:14.23.5.2860]
Caused by: java.io.FileNotFoundException: http://maxhenkel.de/update/gravestone.json
	at sun.net.www.protocol.http.HttpURLConnection.getInputStream0(HttpURLConnection.java:1913) ~[?:1.8.0_442]
	at sun.net.www.protocol.http.HttpURLConnection.access$200(HttpURLConnection.java:92) ~[?:1.8.0_442]
	at sun.net.www.protocol.http.HttpURLConnection$9.run(HttpURLConnection.java:1507) ~[?:1.8.0_442]
	at sun.net.www.protocol.http.HttpURLConnection$9.run(HttpURLConnection.java:1505) ~[?:1.8.0_442]
	at java.security.AccessController.doPrivileged(Native Method) ~[?:1.8.0_442]
	at java.security.AccessController.doPrivilegedWithCombiner(AccessController.java:784) ~[?:1.8.0_442]
	at sun.net.www.protocol.http.HttpURLConnection.getInputStream(HttpURLConnection.java:1504) ~[?:1.8.0_442]
	at java.net.HttpURLConnection.getResponseCode(HttpURLConnection.java:480) ~[?:1.8.0_442]
	at net.minecraftforge.common.ForgeVersion$1.openUrlStream(ForgeVersion.java:223) ~[ForgeVersion$1.class:14.23.5.2860]
	... 2 more
[22:12:13] [Forge Version Check/INFO] [forge.VersionCheck]: [treasure2] Starting version check at https://raw.githubusercontent.com/gottsch/gottsch-minecraft-Treasure/master/update.json
[22:12:13] [Forge Version Check/DEBUG] [forge.VersionCheck]: [treasure2] Received version check data:
{
    "homepage": "https://minecraft.curseforge.com/projects/treasure2",
    "promos": {
    "1.19.2-latest": "3.9.1",
    "1.19.2-recommended": "3.9.1"
  },
    "1.19.2": {
        "3.0.0": "Initial port from 1.16.5. See https://raw.githubusercontent.com/gottsch/gottsch-minecraft-Treasure/1.19.2-main/CHANGELOG.md",
        "3.9.0": "See https://raw.githubusercontent.com/gottsch/gottsch-minecraft-Treasure/1.19.2-main/CHANGELOG.md",
        "3.9.1": "See https://raw.githubusercontent.com/gottsch/gottsch-minecraft-Treasure/1.19.2-main/CHANGELOG.md"

    }
}
[22:12:13] [Forge Version Check/INFO] [forge.VersionCheck]: [treasure2] Found status: BETA Target: null
[22:12:13] [Forge Version Check/INFO] [forge.VersionCheck]: [forge] Starting version check at http://files.minecraftforge.net/maven/net/minecraftforge/forge/promotions_slim.json
[22:12:13] [Server thread/DEBUG] [twilightforest]: There are 21 entries in TFFeature enum. Maximum structure size is 4
[22:12:13] [Server thread/INFO] [twilightforest]: Loaded compatibility for mod Baubles.
[22:12:13] [Server thread/INFO] [twilightforest]: Skipped compatibility for mod Chisel.
[22:12:13] [Server thread/INFO] [twilightforest]: Skipped compatibility for mod Forestry.
[22:12:13] [Server thread/INFO] [twilightforest]: Skipped compatibility for mod Immersive Engineering.
[22:12:13] [Server thread/INFO] [twilightforest]: Loaded compatibility for mod Just Enough Items.
[22:12:14] [Server thread/INFO] [twilightforest]: Loaded compatibility for mod Tinkers' Construct.
[22:12:14] [Server thread/INFO] [twilightforest]: Skipped compatibility for mod Thaumcraft.
[22:12:14] [Server thread/TRACE] [FML]: Sent event FMLPreInitializationEvent to mod twilightforest
[22:12:14] [Server thread/DEBUG] [FML]: Bar Step: PreInitialization - The Twilight Forest took 0.541s
[22:12:14] [Server thread/TRACE] [FML]: Sending event FMLPreInitializationEvent to mod tconstruct
[22:12:14] [Server thread/TRACE] [FML]: Sent event FMLPreInitializationEvent to mod tconstruct
[22:12:14] [Server thread/DEBUG] [FML]: Bar Step: PreInitialization - Tinkers' Construct took 0.028s
[22:12:14] [Server thread/TRACE] [FML]: Sending event FMLPreInitializationEvent to mod conarm
[22:12:14] [Forge Version Check/DEBUG] [forge.VersionCheck]: [forge] Received version check data:
{
  "homepage": "https://files.minecraftforge.net/net/minecraftforge/forge/",
  "promos": {
    "1.1-latest": "1.3.4.29",
    "1.2.3-latest": "1.4.1.64",
    "1.2.4-latest": "2.0.0.68",
    "1.2.5-latest": "3.4.9.171",
    "1.3.2-latest": "4.3.5.318",
    "1.4.0-latest": "5.0.0.326",
    "1.4.1-latest": "6.0.0.329",
    "1.4.2-latest": "6.0.1.355",
    "1.4.3-latest": "6.2.1.358",
    "1.4.4-latest": "6.3.0.378",
    "1.4.5-latest": "6.4.2.448",
    "1.4.6-latest": "6.5.0.489",
    "1.4.7-latest": "6.6.2.534",
    "1.5-latest": "7.7.0.598",
    "1.5.1-latest": "7.7.2.682",
    "1.5.2-latest": "7.8.1.738",
    "1.5.2-recommended": "7.8.1.738",
    "1.6.1-latest": "8.9.0.775",
    "1.6.2-latest": "9.10.1.871",
    "1.6.2-recommended": "9.10.1.871",
    "1.6.3-latest": "9.11.0.878",
    "1.6.4-latest": "9.11.1.1345",
    "1.6.4-recommended": "9.11.1.1345",
    "1.7.2-latest": "10.12.2.1161",
    "1.7.2-recommended": "10.12.2.1161",
    "1.7.10_pre4-latest": "10.12.2.1149",
    "1.7.10-latest": "10.13.4.1614",
    "1.7.10-recommended": "10.13.4.1614",
    "1.8-latest": "11.14.4.1577",
    "1.8-recommended": "11.14.4.1563",
    "1.8.8-latest": "11.15.0.1655",
    "1.8.9-latest": "11.15.1.2318",
    "1.8.9-recommended": "11.15.1.2318",
    "1.9-latest": "12.16.1.1938",
    "1.9-recommended": "12.16.1.1887",
    "1.9.4-latest": "12.17.0.2317",
    "1.9.4-recommended": "12.17.0.2317",
    "1.10-latest": "12.18.0.2000",
    "1.10.2-latest": "12.18.3.2511",
    "1.10.2-recommended": "12.18.3.2511",
    "1.11-latest": "13.19.1.2199",
    "1.11-recommended": "13.19.1.2189",
    "1.11.2-latest": "13.20.1.2588",
    "1.11.2-recommended": "13.20.1.2588",
    "1.12-latest": "14.21.1.2443",
    "1.12-recommended": "14.21.1.2387",
    "1.12.1-latest": "14.22.1.2485",
    "1.12.1-recommended": "14.22.1.2478",
    "1.12.2-latest": "14.23.5.2860",
    "1.12.2-recommended": "14.23.5.2859",
    "1.13.2-latest": "25.0.223",
    "1.14.2-latest": "26.0.63",
    "1.14.3-latest": "27.0.60",
    "1.14.4-latest": "28.2.26",
    "1.14.4-recommended": "28.2.26",
    "1.15-latest": "29.0.4",
    "1.15.1-latest": "30.0.51",
    "1.15.2-latest": "31.2.57",
    "1.15.2-recommended": "31.2.57",
    "1.16.1-latest": "32.0.108",
    "1.16.2-latest": "33.0.61",
    "1.16.3-latest": "34.1.42",
    "1.16.3-recommended": "34.1.0",
    "1.16.4-latest": "35.1.37",
    "1.16.4-recommended": "35.1.4",
    "1.16.5-latest": "36.2.42",
    "1.16.5-recommended": "36.2.34",
    "1.17.1-latest": "37.1.1",
    "1.17.1-recommended": "37.1.1",
    "1.18-latest": "38.0.17",
    "1.18.1-latest": "39.1.2",
    "1.18.1-recommended": "39.1.0",
    "1.18.2-recommended": "40.3.0",
    "1.18.2-latest": "40.3.10",
    "1.19-latest": "41.1.0",
    "1.19-recommended": "41.1.0",
    "1.19.1-latest": "42.0.9",
    "1.19.2-recommended": "43.5.0",
    "1.19.2-latest": "43.5.0",
    "1.19.3-latest": "44.1.23",
    "1.19.3-recommended": "44.1.0",
    "1.19.4-recommended": "45.4.0",
    "1.19.4-latest": "45.4.0",
    "1.20-latest": "46.0.14",
    "1.20.1-recommended": "47.4.0",
    "1.20.1-latest": "47.4.0",
    "1.20.2-latest": "48.1.0",
    "1.20.2-recommended": "48.1.0",
    "1.20.3-latest": "49.0.2",
    "1.20.4-latest": "49.2.0",
    "1.20.4-recommended": "49.2.0",
    "1.20.6-latest": "50.2.0",
    "1.20.6-recommended": "50.2.0",
    "1.21-latest": "51.0.33",
    "1.21.1-latest": "52.1.1",
    "1.21.1-recommended": "52.1.0",
    "1.21.3-latest": "53.1.1",
    "1.21.3-recommended": "53.1.0",
    "1.21.4-latest": "54.1.3",
    "1.21.4-recommended": "54.1.0",
    "1.21.5-latest": "55.0.7"
  }
}
[22:12:14] [Forge Version Check/INFO] [forge.VersionCheck]: [forge] Found status: AHEAD Target: null
[22:12:14] [Forge Version Check/INFO] [forge.VersionCheck]: [aether_legacy] Starting version check at https://raw.githubusercontent.com/Modding-Legacy/Aether-Legacy/master/aether-legacy-changelog.json
[22:12:14] [Server thread/TRACE] [FML]: Sent event FMLPreInitializationEvent to mod conarm
[22:12:14] [Server thread/DEBUG] [FML]: Bar Step: PreInitialization - Construct's Armory took 0.012s
[22:12:14] [Server thread/TRACE] [FML]: Sending event FMLPreInitializationEvent to mod armoryexpansion
[22:12:14] [Server thread/TRACE] [FML]: Sent event FMLPreInitializationEvent to mod armoryexpansion
[22:12:14] [Server thread/DEBUG] [FML]: Bar Step: PreInitialization - Armory Expansion took 0.001s
[22:12:14] [Server thread/TRACE] [FML]: Sending event FMLPreInitializationEvent to mod armoryexpansion-custommaterials
[22:12:14] [Forge Version Check/DEBUG] [forge.VersionCheck]: Failed to process update information
java.io.FileNotFoundException: https://raw.githubusercontent.com/Modding-Legacy/Aether-Legacy/master/aether-legacy-changelog.json
	at sun.reflect.NativeConstructorAccessorImpl.newInstance0(Native Method) ~[?:1.8.0_442]
	at sun.reflect.NativeConstructorAccessorImpl.newInstance(NativeConstructorAccessorImpl.java:62) ~[?:1.8.0_442]
	at sun.reflect.DelegatingConstructorAccessorImpl.newInstance(DelegatingConstructorAccessorImpl.java:45) ~[?:1.8.0_442]
	at java.lang.reflect.Constructor.newInstance(Constructor.java:423) ~[?:1.8.0_442]
	at sun.net.www.protocol.http.HttpURLConnection$10.run(HttpURLConnection.java:1967) ~[?:1.8.0_442]
	at sun.net.www.protocol.http.HttpURLConnection$10.run(HttpURLConnection.java:1962) ~[?:1.8.0_442]
	at java.security.AccessController.doPrivileged(Native Method) ~[?:1.8.0_442]
	at sun.net.www.protocol.http.HttpURLConnection.getChainedException(HttpURLConnection.java:1961) ~[?:1.8.0_442]
	at sun.net.www.protocol.http.HttpURLConnection.getInputStream0(HttpURLConnection.java:1531) ~[?:1.8.0_442]
	at sun.net.www.protocol.http.HttpURLConnection.access$200(HttpURLConnection.java:92) ~[?:1.8.0_442]
	at sun.net.www.protocol.http.HttpURLConnection$9.run(HttpURLConnection.java:1507) ~[?:1.8.0_442]
	at sun.net.www.protocol.http.HttpURLConnection$9.run(HttpURLConnection.java:1505) ~[?:1.8.0_442]
	at java.security.AccessController.doPrivileged(Native Method) ~[?:1.8.0_442]
	at java.security.AccessController.doPrivilegedWithCombiner(AccessController.java:784) ~[?:1.8.0_442]
	at sun.net.www.protocol.http.HttpURLConnection.getInputStream(HttpURLConnection.java:1504) ~[?:1.8.0_442]
	at sun.net.www.protocol.https.HttpsURLConnectionImpl.getInputStream(HttpsURLConnectionImpl.java:268) ~[?:1.8.0_442]
	at net.minecraftforge.common.ForgeVersion$1.openUrlStream(ForgeVersion.java:239) ~[ForgeVersion$1.class:14.23.5.2860]
	at net.minecraftforge.common.ForgeVersion$1.process(ForgeVersion.java:252) [ForgeVersion$1.class:14.23.5.2860]
	at net.minecraftforge.common.ForgeVersion$1.run(ForgeVersion.java:201) [ForgeVersion$1.class:14.23.5.2860]
Caused by: java.io.FileNotFoundException: https://raw.githubusercontent.com/Modding-Legacy/Aether-Legacy/master/aether-legacy-changelog.json
	at sun.net.www.protocol.http.HttpURLConnection.getInputStream0(HttpURLConnection.java:1913) ~[?:1.8.0_442]
	at sun.net.www.protocol.http.HttpURLConnection.access$200(HttpURLConnection.java:92) ~[?:1.8.0_442]
	at sun.net.www.protocol.http.HttpURLConnection$9.run(HttpURLConnection.java:1507) ~[?:1.8.0_442]
	at sun.net.www.protocol.http.HttpURLConnection$9.run(HttpURLConnection.java:1505) ~[?:1.8.0_442]
	at java.security.AccessController.doPrivileged(Native Method) ~[?:1.8.0_442]
	at java.security.AccessController.doPrivilegedWithCombiner(AccessController.java:784) ~[?:1.8.0_442]
	at sun.net.www.protocol.http.HttpURLConnection.getInputStream(HttpURLConnection.java:1504) ~[?:1.8.0_442]
	at java.net.HttpURLConnection.getResponseCode(HttpURLConnection.java:480) ~[?:1.8.0_442]
	at sun.net.www.protocol.https.HttpsURLConnectionImpl.getResponseCode(HttpsURLConnectionImpl.java:352) ~[?:1.8.0_442]
	at net.minecraftforge.common.ForgeVersion$1.openUrlStream(ForgeVersion.java:223) ~[ForgeVersion$1.class:14.23.5.2860]
	... 2 more
[22:12:14] [Server thread/INFO] [armoryexpansion-custommaterials]: Done loading config from local JSON file
[22:12:14] [Server thread/INFO] [armoryexpansion-custommaterials]: Done loading config from source
[22:12:14] [Server thread/INFO] [armoryexpansion-custommaterials]: Done loading all materials from local JSON files
[22:12:14] [Server thread/INFO] [armoryexpansion-custommaterials]: Done loading all materials from source
[22:12:14] [Server thread/INFO] [armoryexpansion-custommaterials]: Done loading all material traits from local JSON files
[22:12:14] [Server thread/INFO] [armoryexpansion-custommaterials]: Done loading all material traits from source
[22:12:14] [Server thread/INFO] [armoryexpansion-custommaterials]: Done loading all ore dictionary entries from local JSON files
[22:12:14] [Server thread/INFO] [armoryexpansion-custommaterials]: Done loading all ore dictionary entries from source
[22:12:14] [Server thread/INFO] [armoryexpansion-custommaterials]: Done loading all alloys from local JSON files
[22:12:14] [Server thread/INFO] [armoryexpansion-custommaterials]: Done loading all alloys from source
[22:12:14] [Server thread/INFO] [armoryexpansion-custommaterials]: Done saving config to local JSON file
[22:12:14] [Server thread/INFO] [armoryexpansion-custommaterials]: Done saving all materials to local JSON files
[22:12:14] [Server thread/INFO] [armoryexpansion-custommaterials]: Done saving all material traits to local JSON files
[22:12:14] [Server thread/INFO] [armoryexpansion-custommaterials]: Done saving all ore dictionary entries to local JSON files
[22:12:14] [Server thread/INFO] [armoryexpansion-custommaterials]: Done saving all alloys to local JSON files
[22:12:14] [Server thread/TRACE] [FML]: Sent event FMLPreInitializationEvent to mod armoryexpansion-custommaterials
[22:12:14] [Server thread/DEBUG] [FML]: Bar Step: PreInitialization - Armory Expansion - Custom Materials took 0.030s
[22:12:14] [Server thread/TRACE] [FML]: Sending event FMLPreInitializationEvent to mod armoryexpansion-iceandfire
[22:12:14] [Server thread/TRACE] [FML]: Sent event FMLPreInitializationEvent to mod armoryexpansion-iceandfire
[22:12:14] [Server thread/DEBUG] [FML]: Bar Step: PreInitialization - Armory Expansion - Ice and Fire took 0.001s
[22:12:14] [Server thread/TRACE] [FML]: Sending event FMLPreInitializationEvent to mod armoryexpansion-matteroverdrive
[22:12:14] [Server thread/TRACE] [FML]: Sent event FMLPreInitializationEvent to mod armoryexpansion-matteroverdrive
[22:12:14] [Server thread/DEBUG] [FML]: Bar Step: PreInitialization - Armory Expansion - MatterOverdrive took 0.001s
[22:12:14] [Server thread/TRACE] [FML]: Sending event FMLPreInitializationEvent to mod baubles
[22:12:14] [Server thread/TRACE] [FML]: Sent event FMLPreInitializationEvent to mod baubles
[22:12:14] [Server thread/DEBUG] [FML]: Bar Step: PreInitialization - Baubles took 0.015s
[22:12:14] [Server thread/TRACE] [FML]: Sending event FMLPreInitializationEvent to mod atum
[22:12:14] [Server thread/TRACE] [FML]: Sent event FMLPreInitializationEvent to mod atum
[22:12:14] [Server thread/DEBUG] [FML]: Bar Step: PreInitialization - Atum 2 took 0.037s
[22:12:14] [Server thread/TRACE] [FML]: Sending event FMLPreInitializationEvent to mod backpack
[22:12:14] [Server thread/TRACE] [FML]: Sent event FMLPreInitializationEvent to mod backpack
[22:12:14] [Server thread/DEBUG] [FML]: Bar Step: PreInitialization - Backpack took 0.005s
[22:12:14] [Server thread/TRACE] [FML]: Sending event FMLPreInitializationEvent to mod better_diving
[22:12:14] [Server thread/TRACE] [FML]: Sent event FMLPreInitializationEvent to mod better_diving
[22:12:14] [Server thread/DEBUG] [FML]: Bar Step: PreInitialization - Better Diving took 0.025s
[22:12:14] [Server thread/TRACE] [FML]: Sending event FMLPreInitializationEvent to mod coralreef
[22:12:14] [Server thread/TRACE] [FML]: Sent event FMLPreInitializationEvent to mod coralreef
[22:12:14] [Server thread/DEBUG] [FML]: Bar Step: PreInitialization - Coralreef took 0.004s
[22:12:14] [Server thread/TRACE] [FML]: Sending event FMLPreInitializationEvent to mod cosmeticarmorreworked
[22:12:14] [Server thread/TRACE] [FML]: Sent event FMLPreInitializationEvent to mod cosmeticarmorreworked
[22:12:14] [Server thread/DEBUG] [FML]: Bar Step: PreInitialization - CosmeticArmorReworked took 0.008s
[22:12:14] [Server thread/TRACE] [FML]: Sending event FMLPreInitializationEvent to mod dldungeonsjbg
[22:12:14] [Server thread/INFO] [DLDUNGEONS]: Doomlike Dungeons is in preInit, should now load config.
[22:12:14] [Server thread/INFO] [DLDUNGEONS]: themesdir is /workspaces/MineServer/servidor_minecraft/config/DLDungeonsJBG
[22:12:14] [Server thread/INFO] [DLDUNGEONS]: Frequency Scaling Factor Set To: 8
[22:12:14] [Server thread/INFO] [DLDUNGEONS]: Minimum X Factor Set To: 16
[22:12:14] [Server thread/INFO] [DLDUNGEONS]: Difficulty set to: Normal difficulty.
[22:12:14] [Server thread/INFO] [DLDUNGEONS]: Will spawn dungeons in with world generation? true
[22:12:14] [Server thread/INFO] [DLDUNGEONS]: Will spawn dungeons even with structures disabled? false
[22:12:14] [Server thread/INFO] [DLDUNGEONS]: Will export item, block, and mob lists? false
[22:12:14] [Server thread/INFO] [DLDUNGEONS]: Will announce use of OP/cheat commands? true
[22:12:14] [Server thread/INFO] [DLDUNGEONS]: Will dungeons be easy to find? true
[22:12:14] [Server thread/INFO] [DLDUNGEONS]: Hub room (entrances and boss rooms) will have high ceiling? false
[22:12:14] [Server thread/INFO] [DLDUNGEONS]: All dungeon will be huge? false
[22:12:14] [Server thread/INFO] [DLDUNGEONS]: Will dungeon all have single entrances? true
[22:12:14] [Server thread/INFO] [DLDUNGEONS]: Will themes be automatically install if themes folder is empty? true
[22:12:14] [Server thread/INFO] [DLDUNGEONS]: Can themes be (re)installed by command? true
[22:12:14] [Server thread/INFO] [DLDUNGEONS]: adding END to excusion list
[22:12:14] [Server thread/INFO] [DLDUNGEONS]: Will use API? true
[22:12:14] [Server thread/INFO] [DLDUNGEONS]: Will allow API base mob change? true
[22:12:14] [Server thread/INFO] [DLDUNGEONS]: Will self-profile? false
[22:12:14] [Server thread/INFO] [DLDUNGEONS]: themesdir will be set to /workspaces/MineServer/servidor_minecraft/config/DLDungeonsJBG/themes/
[22:12:14] [Server thread/INFO] [DLDUNGEONS]: themesdir File is be set to /workspaces/MineServer/servidor_minecraft/config/DLDungeonsJBG/themes
[22:12:14] [Server thread/INFO] [DLDUNGEONS]: themesdir is /workspaces/MineServer/servidor_minecraft/config/DLDungeonsJBG/themes
[22:12:14] [Server thread/INFO] [STDOUT]: [jaredbgreat.dldungeons.setup.Externalizer:makeChestCfg:206]: [DLDUNGEONS] Installing files /workspaces/MineServer/servidor_minecraft/config/DLDungeonsJBG/chests.cfg
[22:12:14] [Server thread/INFO] [DLDUNGEONS]: Config should now be loaded.
[22:12:14] [Server thread/TRACE] [FML]: Sent event FMLPreInitializationEvent to mod dldungeonsjbg
[22:12:14] [Server thread/DEBUG] [FML]: Bar Step: PreInitialization - Doomlike Dungeons took 0.087s
[22:12:14] [Server thread/TRACE] [FML]: Sending event FMLPreInitializationEvent to mod dungeontactics
[22:12:14] [Server thread/TRACE] [FML]: Automatically registered mod dungeontactics entity dungeontactics:towerguardian as dungeontactics:towerguardian
[22:12:14] [Server thread/TRACE] [FML]: Automatically registered mod dungeontactics entity dungeontactics:bone_wolf as dungeontactics:bone_wolf
[22:12:14] [Server thread/TRACE] [FML]: Automatically registered mod dungeontactics entity dungeontactics:attacken as dungeontactics:attacken
[22:12:14] [Server thread/TRACE] [FML]: Automatically registered mod dungeontactics entity dungeontactics:cushion_entity as dungeontactics:cushion_entity
[22:12:14] [Server thread/TRACE] [FML]: Automatically registered mod dungeontactics entity dungeontactics:powderkeg_entity as dungeontactics:powderkeg_entity
[22:12:14] [Server thread/TRACE] [FML]: Automatically registered mod dungeontactics entity dungeontactics:slingshotammo_entity as dungeontactics:slingshotammo_entity
[22:12:14] [Server thread/TRACE] [FML]: Automatically registered mod dungeontactics entity dungeontactics:goldnugget_entity as dungeontactics:goldnugget_entity
[22:12:14] [Server thread/TRACE] [FML]: Automatically registered mod dungeontactics entity dungeontactics:throwingknife_entity as dungeontactics:throwingknife_entity
[22:12:14] [Server thread/TRACE] [FML]: Automatically registered mod dungeontactics entity dungeontactics:bullet_entity as dungeontactics:bullet_entity
[22:12:14] [Server thread/TRACE] [FML]: Automatically registered mod dungeontactics entity dungeontactics:fragbomb_entity as dungeontactics:fragbomb_entity
[22:12:14] [Server thread/TRACE] [FML]: Automatically registered mod dungeontactics entity dungeontactics:pyrobomb_entity as dungeontactics:pyrobomb_entity
[22:12:14] [Server thread/TRACE] [FML]: Automatically registered mod dungeontactics entity dungeontactics:portingbomb_entity as dungeontactics:portingbomb_entity
[22:12:14] [Server thread/TRACE] [FML]: Automatically registered mod dungeontactics entity dungeontactics:cryobomb_entity as dungeontactics:cryobomb_entity
[22:12:14] [Server thread/TRACE] [FML]: Sent event FMLPreInitializationEvent to mod dungeontactics
[22:12:14] [Server thread/DEBUG] [FML]: Bar Step: PreInitialization - DungeonTactics took 0.053s
[22:12:14] [Server thread/TRACE] [FML]: Sending event FMLPreInitializationEvent to mod gottschcore
[22:12:14] [Server thread/TRACE] [FML]: Sent event FMLPreInitializationEvent to mod gottschcore
[22:12:14] [Server thread/DEBUG] [FML]: Bar Step: PreInitialization - GottschCore took 0.006s
[22:12:14] [Server thread/TRACE] [FML]: Sending event FMLPreInitializationEvent to mod gravestone
[22:12:14] [Server thread/TRACE] [FML]: Sent event FMLPreInitializationEvent to mod gravestone
[22:12:14] [Server thread/DEBUG] [FML]: Bar Step: PreInitialization - Gravestone Mod took 0.006s
[22:12:14] [Server thread/TRACE] [FML]: Sending event FMLPreInitializationEvent to mod inventorytweaks
[22:12:14] [Server thread/TRACE] [FML]: Sent event FMLPreInitializationEvent to mod inventorytweaks
[22:12:14] [Server thread/DEBUG] [FML]: Bar Step: PreInitialization - Inventory Tweaks took 0.001s
[22:12:14] [Server thread/TRACE] [FML]: Sending event FMLPreInitializationEvent to mod journeymap
[22:12:14] [Server thread/TRACE] [FML]: Sent event FMLPreInitializationEvent to mod journeymap
[22:12:14] [Server thread/DEBUG] [FML]: Bar Step: PreInitialization - JourneyMap took 0.001s
[22:12:14] [Server thread/TRACE] [FML]: Sending event FMLPreInitializationEvent to mod levelup2
[22:12:14] [Server thread/TRACE] [FML]: Sent event FMLPreInitializationEvent to mod levelup2
[22:12:14] [Server thread/DEBUG] [FML]: Bar Step: PreInitialization - Level Up! Reloaded took 0.028s
[22:12:14] [Server thread/TRACE] [FML]: Sending event FMLPreInitializationEvent to mod mca
[22:12:14] [Server thread/ERROR] [mca]: Failed to GET from: https://minecraftcomesalive.com/api/latest
[22:12:15] [Server thread/ERROR] [mca]: Failed to GET from: https://minecraftcomesalive.com/api/supporters
[22:12:15] [Server thread/INFO] [mca]: Loaded 1 supporters.
[22:12:15] [Server thread/TRACE] [FML]: Sent event FMLPreInitializationEvent to mod mca
[22:12:15] [Server thread/DEBUG] [FML]: Bar Step: PreInitialization - Minecraft Comes Alive took 0.645s
[22:12:15] [Server thread/TRACE] [FML]: Sending event FMLPreInitializationEvent to mod roguelike
[22:12:15] [Server thread/TRACE] [FML]: Sent event FMLPreInitializationEvent to mod roguelike
[22:12:15] [Server thread/DEBUG] [FML]: Bar Step: PreInitialization - Roguelike Dungeons took 0.000s
[22:12:15] [Server thread/TRACE] [FML]: Sending event FMLPreInitializationEvent to mod ruins
[22:12:15] [Server thread/TRACE] [FML]: Sent event FMLPreInitializationEvent to mod ruins
[22:12:15] [Server thread/DEBUG] [FML]: Bar Step: PreInitialization - Ruins Mod took 0.000s
[22:12:15] [Server thread/TRACE] [FML]: Sending event FMLPreInitializationEvent to mod signpost
[22:12:15] [Server thread/TRACE] [FML]: Sent event FMLPreInitializationEvent to mod signpost
[22:12:15] [Server thread/DEBUG] [FML]: Bar Step: PreInitialization - Signpost took 0.014s
[22:12:15] [Server thread/TRACE] [FML]: Sending event FMLPreInitializationEvent to mod lteleporters
[22:12:15] [Server thread/TRACE] [FML]: Sent event FMLPreInitializationEvent to mod lteleporters
[22:12:15] [Server thread/DEBUG] [FML]: Bar Step: PreInitialization - Simple Teleporters took 0.001s
[22:12:15] [Server thread/TRACE] [FML]: Sending event FMLPreInitializationEvent to mod spartanshields
[22:12:15] [Server thread/INFO] [Spartan Shields]: Starting up Spartan Shields!
[22:12:15] [Server thread/DEBUG] [Spartan Shields]: Finished preInit phase!
[22:12:15] [Server thread/TRACE] [FML]: Sent event FMLPreInitializationEvent to mod spartanshields
[22:12:15] [Server thread/DEBUG] [FML]: Bar Step: PreInitialization - Spartan Shields took 0.004s
[22:12:15] [Server thread/TRACE] [FML]: Sending event FMLPreInitializationEvent to mod specialmobs
[22:12:15] [Server thread/INFO] [specialmobs]: Loading configs...
[22:12:15] [Server thread/INFO] [specialmobs]: Loaded configs in 659.574159 ms
[22:12:15] [Server thread/TRACE] [FML]: Sent event FMLPreInitializationEvent to mod specialmobs
[22:12:15] [Server thread/DEBUG] [FML]: Bar Step: PreInitialization - Special Mobs took 0.663s
[22:12:15] [Server thread/TRACE] [FML]: Sending event FMLPreInitializationEvent to mod treasure2
[22:12:15] [Server thread/TRACE] [FML]: Sent event FMLPreInitializationEvent to mod treasure2
[22:12:15] [Server thread/DEBUG] [FML]: Bar Step: PreInitialization - Treasure2! took 0.132s
[22:12:15] [Server thread/TRACE] [FML]: Sending event FMLPreInitializationEvent to mod armoryexpansion-conarm
[22:12:15] [Server thread/INFO] [armoryexpansion-conarm]: Done loading config from local JSON file
[22:12:15] [Server thread/INFO] [armoryexpansion-conarm]: Done loading config from source
[22:12:15] [Server thread/INFO] [armoryexpansion-conarm]: Done loading all materials from local JSON files
[22:12:15] [Server thread/INFO] [armoryexpansion-conarm]: Done loading all materials from source
[22:12:15] [Server thread/INFO] [armoryexpansion-conarm]: Done loading all material traits from local JSON files
[22:12:15] [Server thread/INFO] [armoryexpansion-conarm]: Done loading all material traits from source
[22:12:15] [Server thread/INFO] [armoryexpansion-conarm]: Done loading all ore dictionary entries from local JSON files
[22:12:15] [Server thread/INFO] [armoryexpansion-conarm]: Done loading all ore dictionary entries from source
[22:12:15] [Server thread/INFO] [armoryexpansion-conarm]: Done loading all alloys from local JSON files
[22:12:15] [Server thread/INFO] [armoryexpansion-conarm]: Done loading all alloys from source
[22:12:15] [Server thread/INFO] [armoryexpansion-conarm]: Done saving config to local JSON file
[22:12:15] [Server thread/INFO] [armoryexpansion-conarm]: Done saving all materials to local JSON files
[22:12:15] [Server thread/INFO] [armoryexpansion-conarm]: Done saving all material traits to local JSON files
[22:12:15] [Server thread/INFO] [armoryexpansion-conarm]: Done saving all ore dictionary entries to local JSON files
[22:12:15] [Server thread/INFO] [armoryexpansion-conarm]: Done saving all alloys to local JSON files
[22:12:15] [Server thread/INFO] [armoryexpansion-conarm]: Registered stats for tinker's material {knightmetal};
[22:12:15] [Server thread/INFO] [armoryexpansion-conarm]: Registered stats for tinker's material {fierymetal};
[22:12:15] [Server thread/INFO] [armoryexpansion-conarm]: Registered stats for tinker's material {nagascale};
[22:12:15] [Server thread/INFO] [armoryexpansion-conarm]: Registered stats for tinker's material {steeleaf};
[22:12:15] [Server thread/TRACE] [FML]: Sent event FMLPreInitializationEvent to mod armoryexpansion-conarm
[22:12:15] [Server thread/DEBUG] [FML]: Bar Step: PreInitialization - Armory Expansion - Construct's Armory took 0.022s
[22:12:15] [Server thread/DEBUG] [FML]: Bar Finished: PreInitialization took 2.781s
[22:12:16] [Server thread/WARN] [FML]: Potentially Dangerous alternative prefix `minecraft` for name `tconstruct.table`, expected `tconstruct`. This could be a intended override, but in most cases indicates a broken mod.
[22:12:16] [Server thread/WARN] [FML]: Potentially Dangerous alternative prefix `minecraft` for name `tconstruct.craftingstation`, expected `tconstruct`. This could be a intended override, but in most cases indicates a broken mod.
[22:12:16] [Server thread/WARN] [FML]: Potentially Dangerous alternative prefix `minecraft` for name `tconstruct.stenciltable`, expected `tconstruct`. This could be a intended override, but in most cases indicates a broken mod.
[22:12:16] [Server thread/WARN] [FML]: Potentially Dangerous alternative prefix `minecraft` for name `tconstruct.partbuilder`, expected `tconstruct`. This could be a intended override, but in most cases indicates a broken mod.
[22:12:16] [Server thread/WARN] [FML]: Potentially Dangerous alternative prefix `minecraft` for name `tconstruct.patternchest`, expected `tconstruct`. This could be a intended override, but in most cases indicates a broken mod.
[22:12:16] [Server thread/WARN] [FML]: Potentially Dangerous alternative prefix `minecraft` for name `tconstruct.partchest`, expected `tconstruct`. This could be a intended override, but in most cases indicates a broken mod.
[22:12:16] [Server thread/WARN] [FML]: Potentially Dangerous alternative prefix `minecraft` for name `tconstruct.toolstation`, expected `tconstruct`. This could be a intended override, but in most cases indicates a broken mod.
[22:12:16] [Server thread/WARN] [FML]: Potentially Dangerous alternative prefix `minecraft` for name `tconstruct.toolforge`, expected `tconstruct`. This could be a intended override, but in most cases indicates a broken mod.
[22:12:16] [Server thread/WARN] [FML]: Potentially Dangerous alternative prefix `minecraft` for name `tconstruct.smeltery_controller`, expected `tconstruct`. This could be a intended override, but in most cases indicates a broken mod.
[22:12:16] [Server thread/WARN] [FML]: Potentially Dangerous alternative prefix `minecraft` for name `tconstruct.smeltery_component`, expected `tconstruct`. This could be a intended override, but in most cases indicates a broken mod.
[22:12:16] [Server thread/WARN] [FML]: Potentially Dangerous alternative prefix `minecraft` for name `tconstruct.tank`, expected `tconstruct`. This could be a intended override, but in most cases indicates a broken mod.
[22:12:16] [Server thread/WARN] [FML]: Potentially Dangerous alternative prefix `minecraft` for name `tconstruct.faucet`, expected `tconstruct`. This could be a intended override, but in most cases indicates a broken mod.
[22:12:16] [Server thread/WARN] [FML]: Potentially Dangerous alternative prefix `minecraft` for name `tconstruct.channel`, expected `tconstruct`. This could be a intended override, but in most cases indicates a broken mod.
[22:12:16] [Server thread/WARN] [FML]: Potentially Dangerous alternative prefix `minecraft` for name `tconstruct.casting_table`, expected `tconstruct`. This could be a intended override, but in most cases indicates a broken mod.
[22:12:16] [Server thread/WARN] [FML]: Potentially Dangerous alternative prefix `minecraft` for name `tconstruct.casting_basin`, expected `tconstruct`. This could be a intended override, but in most cases indicates a broken mod.
[22:12:16] [Server thread/WARN] [FML]: Potentially Dangerous alternative prefix `minecraft` for name `tconstruct.smeltery_drain`, expected `tconstruct`. This could be a intended override, but in most cases indicates a broken mod.
[22:12:16] [Server thread/WARN] [FML]: Potentially Dangerous alternative prefix `minecraft` for name `tconstruct.seared_furnace`, expected `tconstruct`. This could be a intended override, but in most cases indicates a broken mod.
[22:12:16] [Server thread/WARN] [FML]: Potentially Dangerous alternative prefix `minecraft` for name `tconstruct.tinker_tank`, expected `tconstruct`. This could be a intended override, but in most cases indicates a broken mod.
[22:12:16] [Server thread/WARN] [FML]: Potentially Dangerous alternative prefix `minecraft` for name `tconstruct.item_rack`, expected `tconstruct`. This could be a intended override, but in most cases indicates a broken mod.
[22:12:16] [Server thread/WARN] [FML]: Potentially Dangerous alternative prefix `minecraft` for name `tconstruct.drying_rack`, expected `tconstruct`. This could be a intended override, but in most cases indicates a broken mod.
[22:12:16] [Server thread/WARN] [FML]: Potentially Dangerous alternative prefix `minecraft` for name `tconstruct.wooden_hopper`, expected `tconstruct`. This could be a intended override, but in most cases indicates a broken mod.
[22:12:16] [Server thread/WARN] [FML]: Potentially Dangerous alternative prefix `minecraft` for name `tconstruct.slime_channel`, expected `tconstruct`. This could be a intended override, but in most cases indicates a broken mod.
[22:12:16] [Server thread/WARN] [FML]: Potentially Dangerous alternative prefix `minecraft` for name `tileentitygavestone`, expected `gravestone`. This could be a intended override, but in most cases indicates a broken mod.
[22:12:16] [Server thread/WARN] [FML]: Potentially Dangerous alternative prefix `minecraft` for name `lteleporter`, expected `lteleporters`. This could be a intended override, but in most cases indicates a broken mod.
[22:12:16] [Server thread/INFO] [FML]: Applying holder lookups
[22:12:16] [Server thread/DEBUG] [FML]: Unable to lookup atum:assassin for public static net.minecraftforge.fml.common.registry.EntityEntry com.teammetallurgy.atum.init.AtumEntities.ASSASSIN. This means the object wasn't registered. It's likely just mod options.
[22:12:16] [Server thread/DEBUG] [FML]: Unable to lookup atum:bandit_warlord for public static net.minecraftforge.fml.common.registry.EntityEntry com.teammetallurgy.atum.init.AtumEntities.BANDIT_WARLORD. This means the object wasn't registered. It's likely just mod options.
[22:12:16] [Server thread/DEBUG] [FML]: Unable to lookup atum:barbarian for public static net.minecraftforge.fml.common.registry.EntityEntry com.teammetallurgy.atum.init.AtumEntities.BARBARIAN. This means the object wasn't registered. It's likely just mod options.
[22:12:16] [Server thread/DEBUG] [FML]: Unable to lookup atum:bonestorm for public static net.minecraftforge.fml.common.registry.EntityEntry com.teammetallurgy.atum.init.AtumEntities.BONESTORM. This means the object wasn't registered. It's likely just mod options.
[22:12:16] [Server thread/DEBUG] [FML]: Unable to lookup atum:brigand for public static net.minecraftforge.fml.common.registry.EntityEntry com.teammetallurgy.atum.init.AtumEntities.BRIGAND. This means the object wasn't registered. It's likely just mod options.
[22:12:16] [Server thread/DEBUG] [FML]: Unable to lookup atum:camel for public static net.minecraftforge.fml.common.registry.EntityEntry com.teammetallurgy.atum.init.AtumEntities.CAMEL. This means the object wasn't registered. It's likely just mod options.
[22:12:16] [Server thread/DEBUG] [FML]: Unable to lookup atum:desert_wolf for public static net.minecraftforge.fml.common.registry.EntityEntry com.teammetallurgy.atum.init.AtumEntities.DESERT_WOLF. This means the object wasn't registered. It's likely just mod options.
[22:12:16] [Server thread/DEBUG] [FML]: Unable to lookup atum:forsaken for public static net.minecraftforge.fml.common.registry.EntityEntry com.teammetallurgy.atum.init.AtumEntities.FORSAKEN. This means the object wasn't registered. It's likely just mod options.
[22:12:16] [Server thread/DEBUG] [FML]: Unable to lookup atum:mummy for public static net.minecraftforge.fml.common.registry.EntityEntry com.teammetallurgy.atum.init.AtumEntities.MUMMY. This means the object wasn't registered. It's likely just mod options.
[22:12:16] [Server thread/DEBUG] [FML]: Unable to lookup atum:nomad for public static net.minecraftforge.fml.common.registry.EntityEntry com.teammetallurgy.atum.init.AtumEntities.NOMAD. This means the object wasn't registered. It's likely just mod options.
[22:12:16] [Server thread/DEBUG] [FML]: Unable to lookup atum:pharaoh for public static net.minecraftforge.fml.common.registry.EntityEntry com.teammetallurgy.atum.init.AtumEntities.PHARAOH. This means the object wasn't registered. It's likely just mod options.
[22:12:16] [Server thread/DEBUG] [FML]: Unable to lookup atum:rabbit for public static net.minecraftforge.fml.common.registry.EntityEntry com.teammetallurgy.atum.init.AtumEntities.RABBIT. This means the object wasn't registered. It's likely just mod options.
[22:12:16] [Server thread/DEBUG] [FML]: Unable to lookup atum:scarab for public static net.minecraftforge.fml.common.registry.EntityEntry com.teammetallurgy.atum.init.AtumEntities.SCARAB. This means the object wasn't registered. It's likely just mod options.
[22:12:16] [Server thread/DEBUG] [FML]: Unable to lookup atum:stoneguard for public static net.minecraftforge.fml.common.registry.EntityEntry com.teammetallurgy.atum.init.AtumEntities.STONEGUARD. This means the object wasn't registered. It's likely just mod options.
[22:12:16] [Server thread/DEBUG] [FML]: Unable to lookup atum:stonewarden for public static net.minecraftforge.fml.common.registry.EntityEntry com.teammetallurgy.atum.init.AtumEntities.STONEWARDEN. This means the object wasn't registered. It's likely just mod options.
[22:12:16] [Server thread/DEBUG] [FML]: Unable to lookup atum:sunspeaker for public static net.minecraftforge.fml.common.registry.EntityEntry com.teammetallurgy.atum.init.AtumEntities.SUNSPEAKER. This means the object wasn't registered. It's likely just mod options.
[22:12:16] [Server thread/DEBUG] [FML]: Unable to lookup atum:tarantula for public static net.minecraftforge.fml.common.registry.EntityEntry com.teammetallurgy.atum.init.AtumEntities.TARANTULA. This means the object wasn't registered. It's likely just mod options.
[22:12:16] [Server thread/DEBUG] [FML]: Unable to lookup atum:wraith for public static net.minecraftforge.fml.common.registry.EntityEntry com.teammetallurgy.atum.init.AtumEntities.WRAITH. This means the object wasn't registered. It's likely just mod options.
[22:12:16] [Server thread/DEBUG] [FML]: Unable to lookup atum:camel_spit for public static net.minecraftforge.fml.common.registry.EntityEntry com.teammetallurgy.atum.init.AtumEntities.CAMEL_SPIT. This means the object wasn't registered. It's likely just mod options.
[22:12:16] [Server thread/DEBUG] [FML]: Unable to lookup atum:double_shot_black for public static net.minecraftforge.fml.common.registry.EntityEntry com.teammetallurgy.atum.init.AtumEntities.DOUBLE_SHOT_BLACK. This means the object wasn't registered. It's likely just mod options.
[22:12:16] [Server thread/DEBUG] [FML]: Unable to lookup atum:double_shot_white for public static net.minecraftforge.fml.common.registry.EntityEntry com.teammetallurgy.atum.init.AtumEntities.DOUBLE_SHOT_WHITE. This means the object wasn't registered. It's likely just mod options.
[22:12:16] [Server thread/DEBUG] [FML]: Unable to lookup atum:explosive_arrow for public static net.minecraftforge.fml.common.registry.EntityEntry com.teammetallurgy.atum.init.AtumEntities.EXPLOSIVE_ARROW. This means the object wasn't registered. It's likely just mod options.
[22:12:16] [Server thread/DEBUG] [FML]: Unable to lookup atum:fire_arrow for public static net.minecraftforge.fml.common.registry.EntityEntry com.teammetallurgy.atum.init.AtumEntities.FIRE_ARROW. This means the object wasn't registered. It's likely just mod options.
[22:12:16] [Server thread/DEBUG] [FML]: Unable to lookup atum:heart_of_ra for public static net.minecraftforge.fml.common.registry.EntityEntry com.teammetallurgy.atum.init.AtumEntities.HEART_OF_RA. This means the object wasn't registered. It's likely just mod options.
[22:12:16] [Server thread/DEBUG] [FML]: Unable to lookup atum:poison_arrow for public static net.minecraftforge.fml.common.registry.EntityEntry com.teammetallurgy.atum.init.AtumEntities.POISON_ARROW. This means the object wasn't registered. It's likely just mod options.
[22:12:16] [Server thread/DEBUG] [FML]: Unable to lookup atum:quickdraw_arrow for public static net.minecraftforge.fml.common.registry.EntityEntry com.teammetallurgy.atum.init.AtumEntities.QUICKDRAW_ARROW. This means the object wasn't registered. It's likely just mod options.
[22:12:16] [Server thread/DEBUG] [FML]: Unable to lookup atum:rain_arrow for public static net.minecraftforge.fml.common.registry.EntityEntry com.teammetallurgy.atum.init.AtumEntities.RAIN_ARROW. This means the object wasn't registered. It's likely just mod options.
[22:12:16] [Server thread/DEBUG] [FML]: Unable to lookup atum:slowness_arrow for public static net.minecraftforge.fml.common.registry.EntityEntry com.teammetallurgy.atum.init.AtumEntities.SLOWNESS_ARROW. This means the object wasn't registered. It's likely just mod options.
[22:12:16] [Server thread/DEBUG] [FML]: Unable to lookup atum:small_bone for public static net.minecraftforge.fml.common.registry.EntityEntry com.teammetallurgy.atum.init.AtumEntities.SMALL_BONE. This means the object wasn't registered. It's likely just mod options.
[22:12:16] [Server thread/DEBUG] [FML]: Unable to lookup atum:straight_arrow for public static net.minecraftforge.fml.common.registry.EntityEntry com.teammetallurgy.atum.init.AtumEntities.STRAIGHT_ARROW. This means the object wasn't registered. It's likely just mod options.
[22:12:16] [Server thread/DEBUG] [FML]: Unable to lookup atum:tefnuts_call for public static net.minecraftforge.fml.common.registry.EntityEntry com.teammetallurgy.atum.init.AtumEntities.TEFNUTS_CALL. This means the object wasn't registered. It's likely just mod options.
[22:12:16] [Server thread/DEBUG] [FML]: Unable to lookup mca:guard for public static net.minecraftforge.fml.common.registry.VillagerRegistry$VillagerProfession mca.core.minecraft.ProfessionsMCA.guard. This means the object wasn't registered. It's likely just mod options.
[22:12:16] [Server thread/DEBUG] [FML]: Unable to lookup mca:bandit for public static net.minecraftforge.fml.common.registry.VillagerRegistry$VillagerProfession mca.core.minecraft.ProfessionsMCA.bandit. This means the object wasn't registered. It's likely just mod options.
[22:12:16] [Server thread/DEBUG] [FML]: Unable to lookup mca:child for public static net.minecraftforge.fml.common.registry.VillagerRegistry$VillagerProfession mca.core.minecraft.ProfessionsMCA.child. This means the object wasn't registered. It's likely just mod options.
[22:12:16] [Server thread/DEBUG] [FML]: Unable to lookup mca:baker for public static net.minecraftforge.fml.common.registry.VillagerRegistry$VillagerProfession mca.core.minecraft.ProfessionsMCA.baker. This means the object wasn't registered. It's likely just mod options.
[22:12:16] [Server thread/DEBUG] [FML]: Unable to lookup mca:miner for public static net.minecraftforge.fml.common.registry.VillagerRegistry$VillagerProfession mca.core.minecraft.ProfessionsMCA.miner. This means the object wasn't registered. It's likely just mod options.
[22:12:16] [Server thread/DEBUG] [FML]: Unable to lookup abyssaldepths:bannerfish for public static net.minecraft.item.Item chumbanotz.abyssaldepths.item.ADItems.BANNERFISH. This means the object wasn't registered. It's likely just mod options.
[22:12:16] [Server thread/DEBUG] [FML]: Unable to lookup abyssaldepths:butterflyfish for public static net.minecraft.item.Item chumbanotz.abyssaldepths.item.ADItems.BUTTERFLYFISH. This means the object wasn't registered. It's likely just mod options.
[22:12:16] [Server thread/DEBUG] [FML]: Unable to lookup abyssaldepths:cooked_butterflyfish for public static net.minecraft.item.Item chumbanotz.abyssaldepths.item.ADItems.COOKED_BUTTERFLYFISH. This means the object wasn't registered. It's likely just mod options.
[22:12:16] [Server thread/DEBUG] [FML]: Unable to lookup abyssaldepths:goggles for public static net.minecraft.item.Item chumbanotz.abyssaldepths.item.ADItems.GOGGLES. This means the object wasn't registered. It's likely just mod options.
[22:12:16] [Server thread/DEBUG] [FML]: Unable to lookup abyssaldepths:long_billfish_spike for public static net.minecraft.item.Item chumbanotz.abyssaldepths.item.ADItems.LONG_BILLFISH_SPIKE. This means the object wasn't registered. It's likely just mod options.
[22:12:16] [Server thread/DEBUG] [FML]: Unable to lookup abyssaldepths:masked_butterflyfish for public static net.minecraft.item.Item chumbanotz.abyssaldepths.item.ADItems.MASKED_BUTTERFLYFISH. This means the object wasn't registered. It's likely just mod options.
[22:12:16] [Server thread/DEBUG] [FML]: Unable to lookup abyssaldepths:raccoon_butterflyfish for public static net.minecraft.item.Item chumbanotz.abyssaldepths.item.ADItems.RACCOON_BUTTERFLYFISH. This means the object wasn't registered. It's likely just mod options.
[22:12:16] [Server thread/DEBUG] [FML]: Unable to lookup abyssaldepths:short_billfish_spike for public static net.minecraft.item.Item chumbanotz.abyssaldepths.item.ADItems.SHORT_BILLFISH_SPIKE. This means the object wasn't registered. It's likely just mod options.
[22:12:16] [Server thread/DEBUG] [FML]: Unable to lookup abyssaldepths:spike_sword for public static net.minecraft.item.Item chumbanotz.abyssaldepths.item.ADItems.SPIKE_SWORD. This means the object wasn't registered. It's likely just mod options.
[22:12:16] [Server thread/DEBUG] [FML]: Unable to lookup abyssaldepths:spotfin_butterflyfish for public static net.minecraft.item.Item chumbanotz.abyssaldepths.item.ADItems.SPOTFIN_BUTTERFLYFISH. This means the object wasn't registered. It's likely just mod options.
[22:12:16] [Server thread/DEBUG] [FML]: Unable to lookup abyssaldepths:seaweed for public static net.minecraft.item.Item chumbanotz.abyssaldepths.item.ADItems.SEAWEED. This means the object wasn't registered. It's likely just mod options.
[22:12:16] [Server thread/DEBUG] [FML]: Unable to lookup atum:dust_bone_stick for public static net.minecraft.item.Item com.teammetallurgy.atum.init.AtumItems.DUST_BONE_STICK. This means the object wasn't registered. It's likely just mod options.
[22:12:16] [Server thread/DEBUG] [FML]: Unable to lookup atum:khnumite for public static net.minecraft.item.Item com.teammetallurgy.atum.init.AtumItems.KHNUMITE. This means the object wasn't registered. It's likely just mod options.
[22:12:16] [Server thread/DEBUG] [FML]: Unable to lookup atum:dirty_coin for public static net.minecraft.item.Item com.teammetallurgy.atum.init.AtumItems.DIRTY_COIN. This means the object wasn't registered. It's likely just mod options.
[22:12:16] [Server thread/DEBUG] [FML]: Unable to lookup atum:gold_coin for public static net.minecraft.item.Item com.teammetallurgy.atum.init.AtumItems.GOLD_COIN. This means the object wasn't registered. It's likely just mod options.
[22:12:16] [Server thread/DEBUG] [FML]: Unable to lookup atum:efreet_heart for public static net.minecraft.item.Item com.teammetallurgy.atum.init.AtumItems.EFREET_HEART. This means the object wasn't registered. It's likely just mod options.
[22:12:16] [Server thread/DEBUG] [FML]: Unable to lookup atum:scarab for public static net.minecraft.item.Item com.teammetallurgy.atum.init.AtumItems.SCARAB. This means the object wasn't registered. It's likely just mod options.
[22:12:16] [Server thread/DEBUG] [FML]: Unable to lookup atum:idol_of_labor for public static net.minecraft.item.Item com.teammetallurgy.atum.init.AtumItems.IDOL_OF_LABOR. This means the object wasn't registered. It's likely just mod options.
[22:12:16] [Server thread/DEBUG] [FML]: Unable to lookup atum:fertile_soil_pile for public static net.minecraft.item.Item com.teammetallurgy.atum.init.AtumItems.FERTILE_SOIL_PILE. This means the object wasn't registered. It's likely just mod options.
[22:12:16] [Server thread/DEBUG] [FML]: Unable to lookup atum:short_bow for public static net.minecraft.item.Item com.teammetallurgy.atum.init.AtumItems.SHORT_BOW. This means the object wasn't registered. It's likely just mod options.
[22:12:16] [Server thread/DEBUG] [FML]: Unable to lookup atum:limestone_shovel for public static net.minecraft.item.Item com.teammetallurgy.atum.init.AtumItems.LIMESTONE_SHOVEL. This means the object wasn't registered. It's likely just mod options.
[22:12:16] [Server thread/DEBUG] [FML]: Unable to lookup atum:limestone_pickaxe for public static net.minecraft.item.Item com.teammetallurgy.atum.init.AtumItems.LIMESTONE_PICKAXE. This means the object wasn't registered. It's likely just mod options.
[22:12:16] [Server thread/DEBUG] [FML]: Unable to lookup atum:limestone_axe for public static net.minecraft.item.Item com.teammetallurgy.atum.init.AtumItems.LIMESTONE_AXE. This means the object wasn't registered. It's likely just mod options.
[22:12:16] [Server thread/DEBUG] [FML]: Unable to lookup atum:limestone_sword for public static net.minecraft.item.Item com.teammetallurgy.atum.init.AtumItems.LIMESTONE_SWORD. This means the object wasn't registered. It's likely just mod options.
[22:12:16] [Server thread/DEBUG] [FML]: Unable to lookup atum:limestone_hoe for public static net.minecraft.item.Item com.teammetallurgy.atum.init.AtumItems.LIMESTONE_HOE. This means the object wasn't registered. It's likely just mod options.
[22:12:16] [Server thread/DEBUG] [FML]: Unable to lookup atum:dagger_iron for public static net.minecraft.item.Item com.teammetallurgy.atum.init.AtumItems.DAGGER_IRON. This means the object wasn't registered. It's likely just mod options.
[22:12:16] [Server thread/DEBUG] [FML]: Unable to lookup atum:poison_dagger for public static net.minecraft.item.Item com.teammetallurgy.atum.init.AtumItems.POISON_DAGGER. This means the object wasn't registered. It's likely just mod options.
[22:12:16] [Server thread/DEBUG] [FML]: Unable to lookup atum:scimitar_iron for public static net.minecraft.item.Item com.teammetallurgy.atum.init.AtumItems.SCIMITAR_IRON. This means the object wasn't registered. It's likely just mod options.
[22:12:16] [Server thread/DEBUG] [FML]: Unable to lookup atum:greatsword_iron for public static net.minecraft.item.Item com.teammetallurgy.atum.init.AtumItems.GREATSWORD_IRON. This means the object wasn't registered. It's likely just mod options.
[22:12:16] [Server thread/DEBUG] [FML]: Unable to lookup atum:club_iron for public static net.minecraft.item.Item com.teammetallurgy.atum.init.AtumItems.CLUB_IRON. This means the object wasn't registered. It's likely just mod options.
[22:12:16] [Server thread/DEBUG] [FML]: Unable to lookup atum:khopesh_iron for public static net.minecraft.item.Item com.teammetallurgy.atum.init.AtumItems.KHOPESH_IRON. This means the object wasn't registered. It's likely just mod options.
[22:12:16] [Server thread/DEBUG] [FML]: Unable to lookup atum:stoneguard_sword for public static net.minecraft.item.Item com.teammetallurgy.atum.init.AtumItems.STONEGUARD_SWORD. This means the object wasn't registered. It's likely just mod options.
[22:12:16] [Server thread/DEBUG] [FML]: Unable to lookup atum:stoneguard_greatsword for public static net.minecraft.item.Item com.teammetallurgy.atum.init.AtumItems.STONEGUARD_GREATSWORD. This means the object wasn't registered. It's likely just mod options.
[22:12:16] [Server thread/DEBUG] [FML]: Unable to lookup atum:stoneguard_club for public static net.minecraft.item.Item com.teammetallurgy.atum.init.AtumItems.STONEGUARD_CLUB. This means the object wasn't registered. It's likely just mod options.
[22:12:16] [Server thread/DEBUG] [FML]: Unable to lookup atum:stoneguard_khopesh for public static net.minecraft.item.Item com.teammetallurgy.atum.init.AtumItems.STONEGUARD_KHOPESH. This means the object wasn't registered. It's likely just mod options.
[22:12:16] [Server thread/DEBUG] [FML]: Unable to lookup atum:stoneguard_shield for public static net.minecraft.item.Item com.teammetallurgy.atum.init.AtumItems.STONEGUARD_SHIELD. This means the object wasn't registered. It's likely just mod options.
[22:12:16] [Server thread/DEBUG] [FML]: Unable to lookup atum:brigand_shield for public static net.minecraft.item.Item com.teammetallurgy.atum.init.AtumItems.BRIGAND_SHIELD. This means the object wasn't registered. It's likely just mod options.
[22:12:16] [Server thread/DEBUG] [FML]: Unable to lookup atum:eyes_of_atum for public static net.minecraft.item.Item com.teammetallurgy.atum.init.AtumItems.EYES_OF_ATUM. This means the object wasn't registered. It's likely just mod options.
[22:12:16] [Server thread/DEBUG] [FML]: Unable to lookup atum:body_of_atum for public static net.minecraft.item.Item com.teammetallurgy.atum.init.AtumItems.BODY_OF_ATUM. This means the object wasn't registered. It's likely just mod options.
[22:12:16] [Server thread/DEBUG] [FML]: Unable to lookup atum:legs_of_atum for public static net.minecraft.item.Item com.teammetallurgy.atum.init.AtumItems.LEGS_OF_ATUM. This means the object wasn't registered. It's likely just mod options.
[22:12:16] [Server thread/DEBUG] [FML]: Unable to lookup atum:feet_of_atum for public static net.minecraft.item.Item com.teammetallurgy.atum.init.AtumItems.FEET_OF_ATUM. This means the object wasn't registered. It's likely just mod options.
[22:12:16] [Server thread/DEBUG] [FML]: Unable to lookup atum:atums_will for public static net.minecraft.item.Item com.teammetallurgy.atum.init.AtumItems.ATUMS_WILL. This means the object wasn't registered. It's likely just mod options.
[22:12:16] [Server thread/DEBUG] [FML]: Unable to lookup atum:atums_protection for public static net.minecraft.item.Item com.teammetallurgy.atum.init.AtumItems.ATUMS_PROTECTION. This means the object wasn't registered. It's likely just mod options.
[22:12:16] [Server thread/DEBUG] [FML]: Unable to lookup atum:atums_bounty for public static net.minecraft.item.Item com.teammetallurgy.atum.init.AtumItems.ATUMS_BOUNTY. This means the object wasn't registered. It's likely just mod options.
[22:12:16] [Server thread/DEBUG] [FML]: Unable to lookup atum:atums_homecoming for public static net.minecraft.item.Item com.teammetallurgy.atum.init.AtumItems.ATUMS_HOMECOMING. This means the object wasn't registered. It's likely just mod options.
[22:12:16] [Server thread/DEBUG] [FML]: Unable to lookup atum:halo_of_ra for public static net.minecraft.item.Item com.teammetallurgy.atum.init.AtumItems.HALO_OF_RA. This means the object wasn't registered. It's likely just mod options.
[22:12:16] [Server thread/DEBUG] [FML]: Unable to lookup atum:body_of_ra for public static net.minecraft.item.Item com.teammetallurgy.atum.init.AtumItems.BODY_OF_RA. This means the object wasn't registered. It's likely just mod options.
[22:12:16] [Server thread/DEBUG] [FML]: Unable to lookup atum:legs_of_ra for public static net.minecraft.item.Item com.teammetallurgy.atum.init.AtumItems.LEGS_OF_RA. This means the object wasn't registered. It's likely just mod options.
[22:12:16] [Server thread/DEBUG] [FML]: Unable to lookup atum:feet_of_ra for public static net.minecraft.item.Item com.teammetallurgy.atum.init.AtumItems.FEET_OF_RA. This means the object wasn't registered. It's likely just mod options.
[22:12:16] [Server thread/DEBUG] [FML]: Unable to lookup atum:ras_fury for public static net.minecraft.item.Item com.teammetallurgy.atum.init.AtumItems.RAS_FURY. This means the object wasn't registered. It's likely just mod options.
[22:12:16] [Server thread/DEBUG] [FML]: Unable to lookup atum:ptahs_decadence for public static net.minecraft.item.Item com.teammetallurgy.atum.init.AtumItems.PTAHS_DECADENCE. This means the object wasn't registered. It's likely just mod options.
[22:12:16] [Server thread/DEBUG] [FML]: Unable to lookup atum:ptahs_undoing for public static net.minecraft.item.Item com.teammetallurgy.atum.init.AtumItems.PTAHS_UNDOING. This means the object wasn't registered. It's likely just mod options.
[22:12:16] [Server thread/DEBUG] [FML]: Unable to lookup atum:gebs_toil for public static net.minecraft.item.Item com.teammetallurgy.atum.init.AtumItems.GEBS_TOIL. This means the object wasn't registered. It's likely just mod options.
[22:12:16] [Server thread/DEBUG] [FML]: Unable to lookup atum:gebs_grounding for public static net.minecraft.item.Item com.teammetallurgy.atum.init.AtumItems.GEBS_GROUNDING. This means the object wasn't registered. It's likely just mod options.
[22:12:16] [Server thread/DEBUG] [FML]: Unable to lookup atum:gebs_might for public static net.minecraft.item.Item com.teammetallurgy.atum.init.AtumItems.GEBS_MIGHT. This means the object wasn't registered. It's likely just mod options.
[22:12:16] [Server thread/DEBUG] [FML]: Unable to lookup atum:tefnuts_rain for public static net.minecraft.item.Item com.teammetallurgy.atum.init.AtumItems.TEFNUTS_RAIN. This means the object wasn't registered. It's likely just mod options.
[22:12:16] [Server thread/DEBUG] [FML]: Unable to lookup atum:tefnuts_call for public static net.minecraft.item.Item com.teammetallurgy.atum.init.AtumItems.TEFNUTS_CALL. This means the object wasn't registered. It's likely just mod options.
[22:12:16] [Server thread/DEBUG] [FML]: Unable to lookup atum:tefnuts_blessing for public static net.minecraft.item.Item com.teammetallurgy.atum.init.AtumItems.TEFNUTS_BLESSING. This means the object wasn't registered. It's likely just mod options.
[22:12:16] [Server thread/DEBUG] [FML]: Unable to lookup atum:shus_breath for public static net.minecraft.item.Item com.teammetallurgy.atum.init.AtumItems.SHUS_BREATH. This means the object wasn't registered. It's likely just mod options.
[22:12:16] [Server thread/DEBUG] [FML]: Unable to lookup atum:shus_exile for public static net.minecraft.item.Item com.teammetallurgy.atum.init.AtumItems.SHUS_EXILE. This means the object wasn't registered. It's likely just mod options.
[22:12:16] [Server thread/DEBUG] [FML]: Unable to lookup atum:shus_swiftness for public static net.minecraft.item.Item com.teammetallurgy.atum.init.AtumItems.SHUS_SWIFTNESS. This means the object wasn't registered. It's likely just mod options.
[22:12:16] [Server thread/DEBUG] [FML]: Unable to lookup atum:horuss_soaring for public static net.minecraft.item.Item com.teammetallurgy.atum.init.AtumItems.HORUSS_SOARING. This means the object wasn't registered. It's likely just mod options.
[22:12:16] [Server thread/DEBUG] [FML]: Unable to lookup atum:horuss_ascension for public static net.minecraft.item.Item com.teammetallurgy.atum.init.AtumItems.HORUSS_ASCENSION. This means the object wasn't registered. It's likely just mod options.
[22:12:16] [Server thread/DEBUG] [FML]: Unable to lookup atum:seths_sting for public static net.minecraft.item.Item com.teammetallurgy.atum.init.AtumItems.SETHS_STING. This means the object wasn't registered. It's likely just mod options.
[22:12:16] [Server thread/DEBUG] [FML]: Unable to lookup atum:seths_venom for public static net.minecraft.item.Item com.teammetallurgy.atum.init.AtumItems.SETHS_VENOM. This means the object wasn't registered. It's likely just mod options.
[22:12:16] [Server thread/DEBUG] [FML]: Unable to lookup atum:isis_healing for public static net.minecraft.item.Item com.teammetallurgy.atum.init.AtumItems.ISIS_HEALING. This means the object wasn't registered. It's likely just mod options.
[22:12:16] [Server thread/DEBUG] [FML]: Unable to lookup atum:montus_blast for public static net.minecraft.item.Item com.teammetallurgy.atum.init.AtumItems.MONTUS_BLAST. This means the object wasn't registered. It's likely just mod options.
[22:12:16] [Server thread/DEBUG] [FML]: Unable to lookup atum:montus_strike for public static net.minecraft.item.Item com.teammetallurgy.atum.init.AtumItems.MONTUS_STRIKE. This means the object wasn't registered. It's likely just mod options.
[22:12:16] [Server thread/DEBUG] [FML]: Unable to lookup atum:thoths_bearings for public static com.teammetallurgy.atum.items.artifacts.thoth.ItemThothsBearings com.teammetallurgy.atum.init.AtumItems.THOTHS_BEARINGS. This means the object wasn't registered. It's likely just mod options.
[22:12:16] [Server thread/DEBUG] [FML]: Unable to lookup atum:thoths_direction for public static net.minecraft.item.Item com.teammetallurgy.atum.init.AtumItems.THOTHS_DIRECTION. This means the object wasn't registered. It's likely just mod options.
[22:12:16] [Server thread/DEBUG] [FML]: Unable to lookup atum:anubis_mercy for public static net.minecraft.item.Item com.teammetallurgy.atum.init.AtumItems.ANUBIS_MERCY. This means the object wasn't registered. It's likely just mod options.
[22:12:16] [Server thread/DEBUG] [FML]: Unable to lookup atum:anubis_wrath for public static net.minecraft.item.Item com.teammetallurgy.atum.init.AtumItems.ANUBIS_WRATH. This means the object wasn't registered. It's likely just mod options.
[22:12:16] [Server thread/DEBUG] [FML]: Unable to lookup atum:nuits_vanishing for public static net.minecraft.item.Item com.teammetallurgy.atum.init.AtumItems.NUITS_VANISHING. This means the object wasn't registered. It's likely just mod options.
[22:12:16] [Server thread/DEBUG] [FML]: Unable to lookup atum:nuits_duality for public static net.minecraft.item.Item com.teammetallurgy.atum.init.AtumItems.NUITS_DUALITY. This means the object wasn't registered. It's likely just mod options.
[22:12:16] [Server thread/DEBUG] [FML]: Unable to lookup atum:nuits_ire for public static net.minecraft.item.Item com.teammetallurgy.atum.init.AtumItems.NUITS_IRE. This means the object wasn't registered. It's likely just mod options.
[22:12:16] [Server thread/DEBUG] [FML]: Unable to lookup atum:nuits_quarter for public static net.minecraft.item.Item com.teammetallurgy.atum.init.AtumItems.NUITS_QUARTER. This means the object wasn't registered. It's likely just mod options.
[22:12:16] [Server thread/DEBUG] [FML]: Unable to lookup atum:anputs_hunger for public static net.minecraft.item.Item com.teammetallurgy.atum.init.AtumItems.ANPUTS_HUNGER. This means the object wasn't registered. It's likely just mod options.
[22:12:16] [Server thread/DEBUG] [FML]: Unable to lookup atum:mummy_helmet for public static net.minecraft.item.Item com.teammetallurgy.atum.init.AtumItems.MUMMY_HELMET. This means the object wasn't registered. It's likely just mod options.
[22:12:16] [Server thread/DEBUG] [FML]: Unable to lookup atum:mummy_chest for public static net.minecraft.item.Item com.teammetallurgy.atum.init.AtumItems.MUMMY_CHEST. This means the object wasn't registered. It's likely just mod options.
[22:12:16] [Server thread/DEBUG] [FML]: Unable to lookup atum:mummy_legs for public static net.minecraft.item.Item com.teammetallurgy.atum.init.AtumItems.MUMMY_LEGS. This means the object wasn't registered. It's likely just mod options.
[22:12:16] [Server thread/DEBUG] [FML]: Unable to lookup atum:mummy_boots for public static net.minecraft.item.Item com.teammetallurgy.atum.init.AtumItems.MUMMY_BOOTS. This means the object wasn't registered. It's likely just mod options.
[22:12:16] [Server thread/DEBUG] [FML]: Unable to lookup atum:wanderer_helmet for public static net.minecraft.item.Item com.teammetallurgy.atum.init.AtumItems.WANDERER_HELMET. This means the object wasn't registered. It's likely just mod options.
[22:12:16] [Server thread/DEBUG] [FML]: Unable to lookup atum:wanderer_chest for public static net.minecraft.item.Item com.teammetallurgy.atum.init.AtumItems.WANDERER_CHEST. This means the object wasn't registered. It's likely just mod options.
[22:12:16] [Server thread/DEBUG] [FML]: Unable to lookup atum:wanderer_legs for public static net.minecraft.item.Item com.teammetallurgy.atum.init.AtumItems.WANDERER_LEGS. This means the object wasn't registered. It's likely just mod options.
[22:12:16] [Server thread/DEBUG] [FML]: Unable to lookup atum:wanderer_boots for public static net.minecraft.item.Item com.teammetallurgy.atum.init.AtumItems.WANDERER_BOOTS. This means the object wasn't registered. It's likely just mod options.
[22:12:16] [Server thread/DEBUG] [FML]: Unable to lookup atum:desert_helmet_iron for public static net.minecraft.item.Item com.teammetallurgy.atum.init.AtumItems.DESERT_HELMET_IRON. This means the object wasn't registered. It's likely just mod options.
[22:12:16] [Server thread/DEBUG] [FML]: Unable to lookup atum:desert_chest_iron for public static net.minecraft.item.Item com.teammetallurgy.atum.init.AtumItems.DESERT_CHEST_IRON. This means the object wasn't registered. It's likely just mod options.
[22:12:16] [Server thread/DEBUG] [FML]: Unable to lookup atum:desert_legs_iron for public static net.minecraft.item.Item com.teammetallurgy.atum.init.AtumItems.DESERT_LEGS_IRON. This means the object wasn't registered. It's likely just mod options.
[22:12:16] [Server thread/DEBUG] [FML]: Unable to lookup atum:desert_boots_iron for public static net.minecraft.item.Item com.teammetallurgy.atum.init.AtumItems.DESERT_BOOTS_IRON. This means the object wasn't registered. It's likely just mod options.
[22:12:16] [Server thread/DEBUG] [FML]: Unable to lookup atum:desert_helmet_gold for public static net.minecraft.item.Item com.teammetallurgy.atum.init.AtumItems.DESERT_HELMET_GOLD. This means the object wasn't registered. It's likely just mod options.
[22:12:16] [Server thread/DEBUG] [FML]: Unable to lookup atum:desert_chest_gold for public static net.minecraft.item.Item com.teammetallurgy.atum.init.AtumItems.DESERT_CHEST_GOLD. This means the object wasn't registered. It's likely just mod options.
[22:12:16] [Server thread/DEBUG] [FML]: Unable to lookup atum:desert_legs_gold for public static net.minecraft.item.Item com.teammetallurgy.atum.init.AtumItems.DESERT_LEGS_GOLD. This means the object wasn't registered. It's likely just mod options.
[22:12:16] [Server thread/DEBUG] [FML]: Unable to lookup atum:desert_boots_gold for public static net.minecraft.item.Item com.teammetallurgy.atum.init.AtumItems.DESERT_BOOTS_GOLD. This means the object wasn't registered. It's likely just mod options.
[22:12:16] [Server thread/DEBUG] [FML]: Unable to lookup atum:desert_helmet_diamond for public static net.minecraft.item.Item com.teammetallurgy.atum.init.AtumItems.DESERT_HELMET_DIAMOND. This means the object wasn't registered. It's likely just mod options.
[22:12:16] [Server thread/DEBUG] [FML]: Unable to lookup atum:desert_chest_diamond for public static net.minecraft.item.Item com.teammetallurgy.atum.init.AtumItems.DESERT_CHEST_DIAMOND. This means the object wasn't registered. It's likely just mod options.
[22:12:16] [Server thread/DEBUG] [FML]: Unable to lookup atum:desert_legs_diamond for public static net.minecraft.item.Item com.teammetallurgy.atum.init.AtumItems.DESERT_LEGS_DIAMOND. This means the object wasn't registered. It's likely just mod options.
[22:12:16] [Server thread/DEBUG] [FML]: Unable to lookup atum:desert_boots_diamond for public static net.minecraft.item.Item com.teammetallurgy.atum.init.AtumItems.DESERT_BOOTS_DIAMOND. This means the object wasn't registered. It's likely just mod options.
[22:12:16] [Server thread/DEBUG] [FML]: Unable to lookup atum:papyrus_plant for public static net.minecraft.item.Item com.teammetallurgy.atum.init.AtumItems.PAPYRUS_PLANT. This means the object wasn't registered. It's likely just mod options.
[22:12:16] [Server thread/DEBUG] [FML]: Unable to lookup atum:desert_wolf_iron_armor for public static net.minecraft.item.Item com.teammetallurgy.atum.init.AtumItems.DESERT_WOLF_IRON_ARMOR. This means the object wasn't registered. It's likely just mod options.
[22:12:16] [Server thread/DEBUG] [FML]: Unable to lookup atum:desert_wolf_gold_armor for public static net.minecraft.item.Item com.teammetallurgy.atum.init.AtumItems.DESERT_WOLF_GOLD_ARMOR. This means the object wasn't registered. It's likely just mod options.
[22:12:16] [Server thread/DEBUG] [FML]: Unable to lookup atum:desert_wolf_diamond_armor for public static net.minecraft.item.Item com.teammetallurgy.atum.init.AtumItems.DESERT_WOLF_DIAMOND_ARMOR. This means the object wasn't registered. It's likely just mod options.
[22:12:16] [Server thread/DEBUG] [FML]: Unable to lookup atum:camel_iron_armor for public static net.minecraft.item.Item com.teammetallurgy.atum.init.AtumItems.CAMEL_IRON_ARMOR. This means the object wasn't registered. It's likely just mod options.
[22:12:16] [Server thread/DEBUG] [FML]: Unable to lookup atum:camel_gold_armor for public static net.minecraft.item.Item com.teammetallurgy.atum.init.AtumItems.CAMEL_GOLD_ARMOR. This means the object wasn't registered. It's likely just mod options.
[22:12:16] [Server thread/DEBUG] [FML]: Unable to lookup atum:camel_diamond_armor for public static net.minecraft.item.Item com.teammetallurgy.atum.init.AtumItems.CAMEL_DIAMOND_ARMOR. This means the object wasn't registered. It's likely just mod options.
[22:12:16] [Server thread/DEBUG] [FML]: Unable to lookup atum:graverobbers_map for public static net.minecraft.item.Item com.teammetallurgy.atum.init.AtumItems.GRAVEROBBERS_MAP. This means the object wasn't registered. It's likely just mod options.
[22:12:16] [Server thread/DEBUG] [FML]: Unable to lookup atum:disenchanting_scroll for public static net.minecraft.item.Item com.teammetallurgy.atum.init.AtumItems.DISENCHANTING_SCROLL. This means the object wasn't registered. It's likely just mod options.
[22:12:16] [Server thread/DEBUG] [FML]: Unable to lookup atum:scroll for public static net.minecraft.item.Item com.teammetallurgy.atum.init.AtumItems.SCROLL. This means the object wasn't registered. It's likely just mod options.
[22:12:16] [Server thread/DEBUG] [FML]: Unable to lookup atum:scrap for public static net.minecraft.item.Item com.teammetallurgy.atum.init.AtumItems.SCRAP. This means the object wasn't registered. It's likely just mod options.
[22:12:16] [Server thread/DEBUG] [FML]: Unable to lookup atum:linen_bandage for public static net.minecraft.item.Item com.teammetallurgy.atum.init.AtumItems.LINEN_BANDAGE. This means the object wasn't registered. It's likely just mod options.
[22:12:16] [Server thread/DEBUG] [FML]: Unable to lookup atum:linen_thread for public static net.minecraft.item.Item com.teammetallurgy.atum.init.AtumItems.LINEN_THREAD. This means the object wasn't registered. It's likely just mod options.
[22:12:16] [Server thread/DEBUG] [FML]: Unable to lookup atum:linen_cloth for public static net.minecraft.item.Item com.teammetallurgy.atum.init.AtumItems.LINEN_CLOTH. This means the object wasn't registered. It's likely just mod options.
[22:12:16] [Server thread/DEBUG] [FML]: Unable to lookup atum:dye_black for public static net.minecraft.item.Item com.teammetallurgy.atum.init.AtumItems.DYE_BLACK. This means the object wasn't registered. It's likely just mod options.
[22:12:16] [Server thread/DEBUG] [FML]: Unable to lookup atum:dye_brown for public static net.minecraft.item.Item com.teammetallurgy.atum.init.AtumItems.DYE_BROWN. This means the object wasn't registered. It's likely just mod options.
[22:12:16] [Server thread/DEBUG] [FML]: Unable to lookup atum:flax_seeds for public static net.minecraft.item.Item com.teammetallurgy.atum.init.AtumItems.FLAX_SEEDS. This means the object wasn't registered. It's likely just mod options.
[22:12:16] [Server thread/DEBUG] [FML]: Unable to lookup atum:flax for public static net.minecraft.item.Item com.teammetallurgy.atum.init.AtumItems.FLAX. This means the object wasn't registered. It's likely just mod options.
[22:12:16] [Server thread/DEBUG] [FML]: Unable to lookup atum:ophidian_tongue_flower for public static net.minecraft.item.Item com.teammetallurgy.atum.init.AtumItems.OPHIDIAN_TONGUE_FLOWER. This means the object wasn't registered. It's likely just mod options.
[22:12:16] [Server thread/DEBUG] [FML]: Unable to lookup atum:emmer_seeds for public static net.minecraft.item.Item com.teammetallurgy.atum.init.AtumItems.EMMER_SEEDS. This means the object wasn't registered. It's likely just mod options.
[22:12:16] [Server thread/DEBUG] [FML]: Unable to lookup atum:anputs_fingers_spores for public static net.minecraft.item.Item com.teammetallurgy.atum.init.AtumItems.ANPUTS_FINGERS_SPORES. This means the object wasn't registered. It's likely just mod options.
[22:12:16] [Server thread/DEBUG] [FML]: Unable to lookup atum:emmer for public static net.minecraft.item.Item com.teammetallurgy.atum.init.AtumItems.EMMER. This means the object wasn't registered. It's likely just mod options.
[22:12:16] [Server thread/DEBUG] [FML]: Unable to lookup atum:emmer_flour for public static net.minecraft.item.Item com.teammetallurgy.atum.init.AtumItems.EMMER_FLOUR. This means the object wasn't registered. It's likely just mod options.
[22:12:16] [Server thread/DEBUG] [FML]: Unable to lookup atum:emmer_dough for public static net.minecraft.item.Item com.teammetallurgy.atum.init.AtumItems.EMMER_DOUGH. This means the object wasn't registered. It's likely just mod options.
[22:12:16] [Server thread/DEBUG] [FML]: Unable to lookup atum:emmer_bread for public static net.minecraft.item.Item com.teammetallurgy.atum.init.AtumItems.EMMER_BREAD. This means the object wasn't registered. It's likely just mod options.
[22:12:16] [Server thread/DEBUG] [FML]: Unable to lookup atum:camel_raw for public static net.minecraft.item.Item com.teammetallurgy.atum.init.AtumItems.CAMEL_RAW. This means the object wasn't registered. It's likely just mod options.
[22:12:16] [Server thread/DEBUG] [FML]: Unable to lookup atum:camel_cooked for public static net.minecraft.item.Item com.teammetallurgy.atum.init.AtumItems.CAMEL_COOKED. This means the object wasn't registered. It's likely just mod options.
[22:12:16] [Server thread/DEBUG] [FML]: Unable to lookup atum:date for public static net.minecraft.item.Item com.teammetallurgy.atum.init.AtumItems.DATE. This means the object wasn't registered. It's likely just mod options.
[22:12:16] [Server thread/DEBUG] [FML]: Unable to lookup atum:glistering_date for public static net.minecraft.item.Item com.teammetallurgy.atum.init.AtumItems.GLISTERING_DATE. This means the object wasn't registered. It's likely just mod options.
[22:12:16] [Server thread/DEBUG] [FML]: Unable to lookup atum:golden_date for public static net.minecraft.item.Item com.teammetallurgy.atum.init.AtumItems.GOLDEN_DATE. This means the object wasn't registered. It's likely just mod options.
[22:12:16] [Server thread/DEBUG] [FML]: Unable to lookup atum:enchanted_golden_date for public static net.minecraft.item.Item com.teammetallurgy.atum.init.AtumItems.ENCHANTED_GOLDEN_DATE. This means the object wasn't registered. It's likely just mod options.
[22:12:16] [Server thread/DEBUG] [FML]: Unable to lookup atum:ectoplasm for public static net.minecraft.item.Item com.teammetallurgy.atum.init.AtumItems.ECTOPLASM. This means the object wasn't registered. It's likely just mod options.
[22:12:16] [Server thread/DEBUG] [FML]: Unable to lookup atum:mandibles for public static net.minecraft.item.Item com.teammetallurgy.atum.init.AtumItems.MANDIBLES. This means the object wasn't registered. It's likely just mod options.
[22:12:16] [Server thread/DEBUG] [FML]: Unable to lookup atum:dusty_bone for public static net.minecraft.item.Item com.teammetallurgy.atum.init.AtumItems.DUSTY_BONE. This means the object wasn't registered. It's likely just mod options.
[22:12:16] [Server thread/DEBUG] [FML]: Unable to lookup atum:wolf_pelt for public static net.minecraft.item.Item com.teammetallurgy.atum.init.AtumItems.WOLF_PELT. This means the object wasn't registered. It's likely just mod options.
[22:12:16] [Server thread/DEBUG] [FML]: Unable to lookup atum:forsaken_fish for public static net.minecraft.item.Item com.teammetallurgy.atum.init.AtumItems.FORSAKEN_FISH. This means the object wasn't registered. It's likely just mod options.
[22:12:16] [Server thread/DEBUG] [FML]: Unable to lookup atum:mummified_fish for public static net.minecraft.item.Item com.teammetallurgy.atum.init.AtumItems.MUMMIFIED_FISH. This means the object wasn't registered. It's likely just mod options.
[22:12:16] [Server thread/DEBUG] [FML]: Unable to lookup atum:jeweled_fish for public static net.minecraft.item.Item com.teammetallurgy.atum.init.AtumItems.JEWELED_FISH. This means the object wasn't registered. It's likely just mod options.
[22:12:16] [Server thread/DEBUG] [FML]: Unable to lookup atum:skeletal_fish for public static net.minecraft.item.Item com.teammetallurgy.atum.init.AtumItems.SKELETAL_FISH. This means the object wasn't registered. It's likely just mod options.
[22:12:16] [Server thread/DEBUG] [FML]: Unable to lookup atum:crunchy_scarab for public static net.minecraft.item.Item com.teammetallurgy.atum.init.AtumItems.CRUNCHY_SCARAB. This means the object wasn't registered. It's likely just mod options.
[22:12:16] [Server thread/DEBUG] [FML]: Unable to lookup atum:crunchy_gold_scarab for public static net.minecraft.item.Item com.teammetallurgy.atum.init.AtumItems.CRUNCHY_GOLD_SCARAB. This means the object wasn't registered. It's likely just mod options.
[22:12:16] [Server thread/DEBUG] [FML]: Unable to lookup atum:dead_oasis for public static com.teammetallurgy.atum.world.biome.base.AtumBiome com.teammetallurgy.atum.init.AtumBiomes.DEAD_OASIS. This means the object wasn't registered. It's likely just mod options.
[22:12:16] [Server thread/DEBUG] [FML]: Unable to lookup atum:deadwood_forest for public static com.teammetallurgy.atum.world.biome.base.AtumBiome com.teammetallurgy.atum.init.AtumBiomes.DEADWOOD_FOREST. This means the object wasn't registered. It's likely just mod options.
[22:12:16] [Server thread/DEBUG] [FML]: Unable to lookup atum:dried_river for public static com.teammetallurgy.atum.world.biome.base.AtumBiome com.teammetallurgy.atum.init.AtumBiomes.DRIED_RIVER. This means the object wasn't registered. It's likely just mod options.
[22:12:16] [Server thread/DEBUG] [FML]: Unable to lookup atum:limestone_crags for public static com.teammetallurgy.atum.world.biome.base.AtumBiome com.teammetallurgy.atum.init.AtumBiomes.LIMESTONE_CRAGS. This means the object wasn't registered. It's likely just mod options.
[22:12:16] [Server thread/DEBUG] [FML]: Unable to lookup atum:limestone_mountains for public static com.teammetallurgy.atum.world.biome.base.AtumBiome com.teammetallurgy.atum.init.AtumBiomes.LIMESTONE_MOUNTAINS. This means the object wasn't registered. It's likely just mod options.
[22:12:16] [Server thread/DEBUG] [FML]: Unable to lookup atum:oasis for public static com.teammetallurgy.atum.world.biome.base.AtumBiome com.teammetallurgy.atum.init.AtumBiomes.OASIS. This means the object wasn't registered. It's likely just mod options.
[22:12:16] [Server thread/DEBUG] [FML]: Unable to lookup atum:sand_dunes for public static com.teammetallurgy.atum.world.biome.base.AtumBiome com.teammetallurgy.atum.init.AtumBiomes.SAND_DUNES. This means the object wasn't registered. It's likely just mod options.
[22:12:16] [Server thread/DEBUG] [FML]: Unable to lookup atum:sand_hills for public static com.teammetallurgy.atum.world.biome.base.AtumBiome com.teammetallurgy.atum.init.AtumBiomes.SAND_HILLS. This means the object wasn't registered. It's likely just mod options.
[22:12:16] [Server thread/DEBUG] [FML]: Unable to lookup atum:sand_plains for public static com.teammetallurgy.atum.world.biome.base.AtumBiome com.teammetallurgy.atum.init.AtumBiomes.SAND_PLAINS. This means the object wasn't registered. It's likely just mod options.
[22:12:16] [Server thread/DEBUG] [FML]: Unable to lookup better_diving:titanium for public static meldexun.better_diving.item.ItemTooltip meldexun.better_diving.init.ModItems.TITANIUM. This means the object wasn't registered. It's likely just mod options.
[22:12:16] [Server thread/DEBUG] [FML]: Unable to lookup better_diving:copper_ore for public static meldexun.better_diving.item.ItemTooltip meldexun.better_diving.init.ModItems.COPPER_ORE. This means the object wasn't registered. It's likely just mod options.
[22:12:16] [Server thread/DEBUG] [FML]: Unable to lookup better_diving:silver_ore for public static meldexun.better_diving.item.ItemTooltip meldexun.better_diving.init.ModItems.SILVER_ORE. This means the object wasn't registered. It's likely just mod options.
[22:12:16] [Server thread/DEBUG] [FML]: Unable to lookup better_diving:lead for public static meldexun.better_diving.item.ItemTooltip meldexun.better_diving.init.ModItems.LEAD. This means the object wasn't registered. It's likely just mod options.
[22:12:16] [Server thread/DEBUG] [FML]: Unable to lookup better_diving:gold for public static meldexun.better_diving.item.ItemTooltip meldexun.better_diving.init.ModItems.GOLD. This means the object wasn't registered. It's likely just mod options.
[22:12:16] [Server thread/DEBUG] [FML]: Unable to lookup better_diving:titanium_ingot for public static meldexun.better_diving.item.ItemTooltip meldexun.better_diving.init.ModItems.TITANIUM_INGOT. This means the object wasn't registered. It's likely just mod options.
[22:12:16] [Server thread/DEBUG] [FML]: Unable to lookup better_diving:wiring_kit for public static meldexun.better_diving.item.ItemTooltip meldexun.better_diving.init.ModItems.WIRING_KIT. This means the object wasn't registered. It's likely just mod options.
[22:12:16] [Server thread/DEBUG] [FML]: Unable to lookup better_diving:battery for public static meldexun.better_diving.item.ItemBattery meldexun.better_diving.init.ModItems.BATTERY. This means the object wasn't registered. It's likely just mod options.
[22:12:16] [Server thread/DEBUG] [FML]: Unable to lookup better_diving:power_cell for public static meldexun.better_diving.item.ItemPowerCell meldexun.better_diving.init.ModItems.POWER_CELL. This means the object wasn't registered. It's likely just mod options.
[22:12:16] [Server thread/DEBUG] [FML]: Unable to lookup better_diving:creepvine_seed_cluster for public static meldexun.better_diving.item.ItemCreepvineSeedCluster meldexun.better_diving.init.ModItems.CREEPVINE_SEED_CLUSTER. This means the object wasn't registered. It's likely just mod options.
[22:12:16] [Server thread/DEBUG] [FML]: Unable to lookup better_diving:lubricant for public static meldexun.better_diving.item.ItemTooltip meldexun.better_diving.init.ModItems.LUBRICANT. This means the object wasn't registered. It's likely just mod options.
[22:12:16] [Server thread/DEBUG] [FML]: Unable to lookup better_diving:silicone_rubber for public static meldexun.better_diving.item.ItemTooltip meldexun.better_diving.init.ModItems.SILICONE_RUBBER. This means the object wasn't registered. It's likely just mod options.
[22:12:16] [Server thread/DEBUG] [FML]: Unable to lookup better_diving:fiber_mesh for public static meldexun.better_diving.item.ItemTooltip meldexun.better_diving.init.ModItems.FIBER_MESH. This means the object wasn't registered. It's likely just mod options.
[22:12:16] [Server thread/DEBUG] [FML]: Unable to lookup better_diving:diving_mask for public static meldexun.better_diving.item.ItemDivingHelm meldexun.better_diving.init.ModItems.DIVING_MASK. This means the object wasn't registered. It's likely just mod options.
[22:12:16] [Server thread/DEBUG] [FML]: Unable to lookup better_diving:standard_o2_tank for public static meldexun.better_diving.item.ItemDivingChest meldexun.better_diving.init.ModItems.STANDARD_O2_TANK. This means the object wasn't registered. It's likely just mod options.
[22:12:16] [Server thread/DEBUG] [FML]: Unable to lookup better_diving:wetsuit_leggings for public static meldexun.better_diving.item.ItemDivingLegs meldexun.better_diving.init.ModItems.WETSUIT_LEGGINGS. This means the object wasn't registered. It's likely just mod options.
[22:12:16] [Server thread/DEBUG] [FML]: Unable to lookup better_diving:fins for public static meldexun.better_diving.item.ItemDivingFeet meldexun.better_diving.init.ModItems.FINS. This means the object wasn't registered. It's likely just mod options.
[22:12:16] [Server thread/DEBUG] [FML]: Unable to lookup better_diving:rebreather for public static meldexun.better_diving.item.ItemDivingHelm meldexun.better_diving.init.ModItems.REBREATHER. This means the object wasn't registered. It's likely just mod options.
[22:12:16] [Server thread/DEBUG] [FML]: Unable to lookup better_diving:high_capacity_o2_tank for public static meldexun.better_diving.item.ItemDivingChest meldexun.better_diving.init.ModItems.HIGH_CAPACITY_O2_TANK. This means the object wasn't registered. It's likely just mod options.
[22:12:16] [Server thread/DEBUG] [FML]: Unable to lookup better_diving:improved_wetsuit_leggings for public static meldexun.better_diving.item.ItemDivingLegs meldexun.better_diving.init.ModItems.IMPROVED_WETSUIT_LEGGINGS. This means the object wasn't registered. It's likely just mod options.
[22:12:16] [Server thread/DEBUG] [FML]: Unable to lookup better_diving:ultra_glide_fins for public static meldexun.better_diving.item.ItemDivingFeet meldexun.better_diving.init.ModItems.ULTRA_GLIDE_FINS. This means the object wasn't registered. It's likely just mod options.
[22:12:16] [Server thread/DEBUG] [FML]: Unable to lookup better_diving:reinforced_diving_mask for public static meldexun.better_diving.item.ItemDivingHelm meldexun.better_diving.init.ModItems.REINFORCED_DIVING_MASK. This means the object wasn't registered. It's likely just mod options.
[22:12:16] [Server thread/DEBUG] [FML]: Unable to lookup better_diving:reinforced_o2_tank for public static meldexun.better_diving.item.ItemDivingChest meldexun.better_diving.init.ModItems.REINFORCED_O2_TANK. This means the object wasn't registered. It's likely just mod options.
[22:12:16] [Server thread/DEBUG] [FML]: Unable to lookup better_diving:reinforced_wetsuit_leggings for public static meldexun.better_diving.item.ItemDivingLegs meldexun.better_diving.init.ModItems.REINFORCED_WETSUIT_LEGGINGS. This means the object wasn't registered. It's likely just mod options.
[22:12:16] [Server thread/DEBUG] [FML]: Unable to lookup better_diving:reinforced_fins for public static meldexun.better_diving.item.ItemDivingFeet meldexun.better_diving.init.ModItems.REINFORCED_FINS. This means the object wasn't registered. It's likely just mod options.
[22:12:16] [Server thread/DEBUG] [FML]: Unable to lookup better_diving:seamoth for public static meldexun.better_diving.item.ItemSeamoth meldexun.better_diving.init.ModItems.SEAMOTH. This means the object wasn't registered. It's likely just mod options.
[22:12:16] [Server thread/DEBUG] [FML]: Unable to lookup better_diving:peeper for public static meldexun.better_diving.item.ItemFish meldexun.better_diving.init.ModItems.PEEPER. This means the object wasn't registered. It's likely just mod options.
[22:12:16] [Server thread/DEBUG] [FML]: Unable to lookup better_diving:peeper_cooked for public static meldexun.better_diving.item.ItemFish meldexun.better_diving.init.ModItems.PEEPER_COOKED. This means the object wasn't registered. It's likely just mod options.
[22:12:16] [Server thread/DEBUG] [FML]: Unable to lookup better_diving:peeper_cured for public static meldexun.better_diving.item.ItemFish meldexun.better_diving.init.ModItems.PEEPER_CURED. This means the object wasn't registered. It's likely just mod options.
[22:12:16] [Server thread/DEBUG] [FML]: Unable to lookup better_diving:bladderfish for public static meldexun.better_diving.item.ItemFish meldexun.better_diving.init.ModItems.BLADDERFISH. This means the object wasn't registered. It's likely just mod options.
[22:12:16] [Server thread/DEBUG] [FML]: Unable to lookup better_diving:bladderfish_cooked for public static meldexun.better_diving.item.ItemFish meldexun.better_diving.init.ModItems.BLADDERFISH_COOKED. This means the object wasn't registered. It's likely just mod options.
[22:12:16] [Server thread/DEBUG] [FML]: Unable to lookup better_diving:bladderfish_cured for public static meldexun.better_diving.item.ItemFish meldexun.better_diving.init.ModItems.BLADDERFISH_CURED. This means the object wasn't registered. It's likely just mod options.
[22:12:16] [Server thread/DEBUG] [FML]: Unable to lookup better_diving:garryfish for public static meldexun.better_diving.item.ItemFish meldexun.better_diving.init.ModItems.GARRYFISH. This means the object wasn't registered. It's likely just mod options.
[22:12:16] [Server thread/DEBUG] [FML]: Unable to lookup better_diving:garryfish_cooked for public static meldexun.better_diving.item.ItemFish meldexun.better_diving.init.ModItems.GARRYFISH_COOKED. This means the object wasn't registered. It's likely just mod options.
[22:12:16] [Server thread/DEBUG] [FML]: Unable to lookup better_diving:garryfish_cured for public static meldexun.better_diving.item.ItemFish meldexun.better_diving.init.ModItems.GARRYFISH_CURED. This means the object wasn't registered. It's likely just mod options.
[22:12:16] [Server thread/DEBUG] [FML]: Unable to lookup better_diving:holefish for public static meldexun.better_diving.item.ItemFish meldexun.better_diving.init.ModItems.HOLEFISH. This means the object wasn't registered. It's likely just mod options.
[22:12:16] [Server thread/DEBUG] [FML]: Unable to lookup better_diving:holefish_cooked for public static meldexun.better_diving.item.ItemFish meldexun.better_diving.init.ModItems.HOLEFISH_COOKED. This means the object wasn't registered. It's likely just mod options.
[22:12:16] [Server thread/DEBUG] [FML]: Unable to lookup better_diving:holefish_cured for public static meldexun.better_diving.item.ItemFish meldexun.better_diving.init.ModItems.HOLEFISH_CURED. This means the object wasn't registered. It's likely just mod options.
[22:12:16] [Server thread/DEBUG] [FML]: Unable to lookup better_diving:boomerang for public static meldexun.better_diving.item.ItemFish meldexun.better_diving.init.ModItems.BOOMERANG. This means the object wasn't registered. It's likely just mod options.
[22:12:16] [Server thread/DEBUG] [FML]: Unable to lookup better_diving:boomerang_cooked for public static meldexun.better_diving.item.ItemFish meldexun.better_diving.init.ModItems.BOOMERANG_COOKED. This means the object wasn't registered. It's likely just mod options.
[22:12:16] [Server thread/DEBUG] [FML]: Unable to lookup better_diving:boomerang_cured for public static meldexun.better_diving.item.ItemFish meldexun.better_diving.init.ModItems.BOOMERANG_CURED. This means the object wasn't registered. It's likely just mod options.
[22:12:16] [Server thread/DEBUG] [FML]: Unable to lookup better_diving:habitat_builder for public static meldexun.better_diving.item.ItemHabitatBuilder meldexun.better_diving.init.ModItems.HABITAT_BUILDER. This means the object wasn't registered. It's likely just mod options.
[22:12:16] [Server thread/DEBUG] [FML]: Unable to lookup better_diving:seaglide for public static meldexun.better_diving.item.ItemSeaglide meldexun.better_diving.init.ModItems.SEAGLIDE. This means the object wasn't registered. It's likely just mod options.
[22:12:16] [Server thread/DEBUG] [FML]: Unable to lookup better_diving:seamoth_engine_loop for public static net.minecraft.util.SoundEvent meldexun.better_diving.init.ModSounds.SEAMOTH_ENGINE_LOOP. This means the object wasn't registered. It's likely just mod options.
[22:12:16] [Server thread/DEBUG] [FML]: Unable to lookup better_diving:seamoth_enter for public static net.minecraft.util.SoundEvent meldexun.better_diving.init.ModSounds.SEAMOTH_ENTER. This means the object wasn't registered. It's likely just mod options.
[22:12:16] [Server thread/DEBUG] [FML]: Unable to lookup better_diving:seamoth_exit for public static net.minecraft.util.SoundEvent meldexun.better_diving.init.ModSounds.SEAMOTH_EXIT. This means the object wasn't registered. It's likely just mod options.
[22:12:16] [Server thread/DEBUG] [FML]: Unable to lookup better_diving:seamoth_impact for public static net.minecraft.util.SoundEvent meldexun.better_diving.init.ModSounds.SEAMOTH_IMPACT. This means the object wasn't registered. It's likely just mod options.
[22:12:16] [Server thread/DEBUG] [FML]: Unable to lookup backpack:stick for public static net.minecraft.item.Item de.eydamos.backpack.init.BackpackItems.stick. This means the object wasn't registered. It's likely just mod options.
[22:12:16] [Server thread/DEBUG] [FML]: Unable to lookup backpack:bound_leather for public static net.minecraft.item.Item de.eydamos.backpack.init.BackpackItems.bound_leather. This means the object wasn't registered. It's likely just mod options.
[22:12:16] [Server thread/DEBUG] [FML]: Unable to lookup backpack:tanned_leather for public static net.minecraft.item.Item de.eydamos.backpack.init.BackpackItems.tanned_leather. This means the object wasn't registered. It's likely just mod options.
[22:12:16] [Server thread/DEBUG] [FML]: Unable to lookup backpack:backpack_frame for public static net.minecraft.item.Item de.eydamos.backpack.init.BackpackItems.backpack_frame. This means the object wasn't registered. It's likely just mod options.
[22:12:16] [Server thread/DEBUG] [FML]: Unable to lookup backpack:backpack_piece for public static net.minecraft.item.Item de.eydamos.backpack.init.BackpackItems.backpack_piece. This means the object wasn't registered. It's likely just mod options.
[22:12:16] [Server thread/DEBUG] [FML]: Unable to lookup backpack:backpack for public static net.minecraft.item.Item de.eydamos.backpack.init.BackpackItems.backpack. This means the object wasn't registered. It's likely just mod options.
[22:12:16] [Server thread/DEBUG] [FML]: Unable to lookup atum:smooth_limestone_slab for public static net.minecraft.block.Block com.teammetallurgy.atum.init.AtumBlocks.SMOOTH_LIMESTONE_SLAB. This means the object wasn't registered. It's likely just mod options.
[22:12:16] [Server thread/DEBUG] [FML]: Unable to lookup atum:cracked_limestone_slab for public static net.minecraft.block.Block com.teammetallurgy.atum.init.AtumBlocks.CRACKED_LIMESTONE_SLAB. This means the object wasn't registered. It's likely just mod options.
[22:12:16] [Server thread/DEBUG] [FML]: Unable to lookup atum:sand_layered for public static net.minecraft.block.Block com.teammetallurgy.atum.init.AtumBlocks.SAND_LAYERED. This means the object wasn't registered. It's likely just mod options.
[22:12:16] [Server thread/DEBUG] [FML]: Unable to lookup atum:flax for public static net.minecraft.block.Block com.teammetallurgy.atum.init.AtumBlocks.FLAX. This means the object wasn't registered. It's likely just mod options.
[22:12:16] [Server thread/DEBUG] [FML]: Unable to lookup atum:bone_dirty for public static net.minecraft.block.Block com.teammetallurgy.atum.init.AtumBlocks.BONE_DIRTY. This means the object wasn't registered. It's likely just mod options.
[22:12:16] [Server thread/DEBUG] [FML]: Unable to lookup atum:bone_dirty_slab for public static net.minecraft.block.Block com.teammetallurgy.atum.init.AtumBlocks.BONE_DIRTY_SLAB. This means the object wasn't registered. It's likely just mod options.
[22:12:16] [Server thread/DEBUG] [FML]: Unable to lookup atum:heart_of_ra for public static net.minecraft.block.Block com.teammetallurgy.atum.init.AtumBlocks.HEART_OF_RA. This means the object wasn't registered. It's likely just mod options.
[22:12:16] [Server thread/DEBUG] [FML]: Unable to lookup atum:pharaoh_spawn for public static net.minecraft.util.SoundEvent com.teammetallurgy.atum.init.AtumSounds.PHARAOH_SPAWN. This means the object wasn't registered. It's likely just mod options.
[22:12:16] [Server thread/DEBUG] [FML]: Unable to lookup twilightforest:triple_bow for public static net.minecraft.item.Item twilightforest.item.TFItems.triple_bow. This means the object wasn't registered. It's likely just mod options.
[22:12:16] [Server thread/DEBUG] [FML]: Unable to lookup twilightforest:armor_shard for public static net.minecraft.item.Item twilightforest.item.TFItems.armor_shard. This means the object wasn't registered. It's likely just mod options.
[22:12:16] [Server thread/DEBUG] [FML]: Unable to lookup twilightforest:ironwood_leggings for public static net.minecraft.item.Item twilightforest.item.TFItems.ironwood_leggings. This means the object wasn't registered. It's likely just mod options.
[22:12:16] [Server thread/DEBUG] [FML]: Unable to lookup twilightforest:arctic_chestplate for public static net.minecraft.item.Item twilightforest.item.TFItems.arctic_chestplate. This means the object wasn't registered. It's likely just mod options.
[22:12:16] [Server thread/DEBUG] [FML]: Unable to lookup twilightforest:magic_beans for public static net.minecraft.item.Item twilightforest.item.TFItems.magic_beans. This means the object wasn't registered. It's likely just mod options.
[22:12:16] [Server thread/DEBUG] [FML]: Unable to lookup twilightforest:maze_wafer for public static net.minecraft.item.Item twilightforest.item.TFItems.maze_wafer. This means the object wasn't registered. It's likely just mod options.
[22:12:16] [Server thread/DEBUG] [FML]: Unable to lookup twilightforest:ironwood_sword for public static net.minecraft.item.Item twilightforest.item.TFItems.ironwood_sword. This means the object wasn't registered. It's likely just mod options.
[22:12:16] [Server thread/DEBUG] [FML]: Unable to lookup twilightforest:transformation_powder for public static net.minecraft.item.Item twilightforest.item.TFItems.transformation_powder. This means the object wasn't registered. It's likely just mod options.
[22:12:16] [Server thread/DEBUG] [FML]: Unable to lookup twilightforest:steeleaf_ingot for public static net.minecraft.item.Item twilightforest.item.TFItems.steeleaf_ingot. This means the object wasn't registered. It's likely just mod options.
[22:12:16] [Server thread/DEBUG] [FML]: Unable to lookup twilightforest:alpha_fur for public static net.minecraft.item.Item twilightforest.item.TFItems.alpha_fur. This means the object wasn't registered. It's likely just mod options.
[22:12:16] [Server thread/DEBUG] [FML]: Unable to lookup twilightforest:carminite for public static net.minecraft.item.Item twilightforest.item.TFItems.carminite. This means the object wasn't registered. It's likely just mod options.
[22:12:16] [Server thread/DEBUG] [FML]: Unable to lookup twilightforest:highlands_center for public static net.minecraft.world.biome.Biome twilightforest.biomes.TFBiomes.highlandsCenter. This means the object wasn't registered. It's likely just mod options.
[22:12:16] [Server thread/DEBUG] [FML]: Unable to lookup twilightforest:arctic_leggings for public static net.minecraft.item.Item twilightforest.item.TFItems.arctic_leggings. This means the object wasn't registered. It's likely just mod options.
[22:12:16] [Server thread/DEBUG] [FML]: Unable to lookup twilightforest:fiery_boots for public static net.minecraft.item.Item twilightforest.item.TFItems.fiery_boots. This means the object wasn't registered. It's likely just mod options.
[22:12:16] [Server thread/DEBUG] [FML]: Unable to lookup twilightforest:fiery_leggings for public static net.minecraft.item.Item twilightforest.item.TFItems.fiery_leggings. This means the object wasn't registered. It's likely just mod options.
[22:12:16] [Server thread/DEBUG] [FML]: Unable to lookup twilightforest:ice_bow for public static net.minecraft.item.Item twilightforest.item.TFItems.ice_bow. This means the object wasn't registered. It's likely just mod options.
[22:12:16] [Server thread/DEBUG] [FML]: Unable to lookup twilightforest:snowy_forest for public static net.minecraft.world.biome.Biome twilightforest.biomes.TFBiomes.snowy_forest. This means the object wasn't registered. It's likely just mod options.
[22:12:16] [Server thread/DEBUG] [FML]: Unable to lookup twilightforest:moonworm_queen for public static net.minecraft.item.Item twilightforest.item.TFItems.moonworm_queen. This means the object wasn't registered. It's likely just mod options.
[22:12:16] [Server thread/DEBUG] [FML]: Unable to lookup twilightforest:mazebreaker_pickaxe for public static net.minecraft.item.Item twilightforest.item.TFItems.mazebreaker_pickaxe. This means the object wasn't registered. It's likely just mod options.
[22:12:16] [Server thread/DEBUG] [FML]: Unable to lookup twilightforest:knightmetal_boots for public static net.minecraft.item.Item twilightforest.item.TFItems.knightmetal_boots. This means the object wasn't registered. It's likely just mod options.
[22:12:16] [Server thread/DEBUG] [FML]: Unable to lookup twilightforest:magic_map_focus for public static net.minecraft.item.Item twilightforest.item.TFItems.magic_map_focus. This means the object wasn't registered. It's likely just mod options.
[22:12:16] [Server thread/DEBUG] [FML]: Unable to lookup twilightforest:ender_bow for public static net.minecraft.item.Item twilightforest.item.TFItems.ender_bow. This means the object wasn't registered. It's likely just mod options.
[22:12:16] [Server thread/DEBUG] [FML]: Unable to lookup twilightforest:charm_of_life_1 for public static net.minecraft.item.Item twilightforest.item.TFItems.charm_of_life_1. This means the object wasn't registered. It's likely just mod options.
[22:12:16] [Server thread/DEBUG] [FML]: Unable to lookup twilightforest:crumble_horn for public static net.minecraft.item.Item twilightforest.item.TFItems.crumble_horn. This means the object wasn't registered. It's likely just mod options.
[22:12:16] [Server thread/DEBUG] [FML]: Unable to lookup twilightforest:knightmetal_chestplate for public static net.minecraft.item.Item twilightforest.item.TFItems.knightmetal_chestplate. This means the object wasn't registered. It's likely just mod options.
[22:12:16] [Server thread/DEBUG] [FML]: Unable to lookup twilightforest:phantom_chestplate for public static net.minecraft.item.Item twilightforest.item.TFItems.phantom_chestplate. This means the object wasn't registered. It's likely just mod options.
[22:12:16] [Server thread/DEBUG] [FML]: Unable to lookup twilightforest:fire_swamp for public static net.minecraft.world.biome.Biome twilightforest.biomes.TFBiomes.fireSwamp. This means the object wasn't registered. It's likely just mod options.
[22:12:16] [Server thread/DEBUG] [FML]: Unable to lookup twilightforest:steeleaf_shovel for public static net.minecraft.item.Item twilightforest.item.TFItems.steeleaf_shovel. This means the object wasn't registered. It's likely just mod options.
[22:12:16] [Server thread/DEBUG] [FML]: Unable to lookup twilightforest:steeleaf_sword for public static net.minecraft.item.Item twilightforest.item.TFItems.steeleaf_sword. This means the object wasn't registered. It's likely just mod options.
[22:12:16] [Server thread/DEBUG] [FML]: Unable to lookup twilightforest:raven_feather for public static net.minecraft.item.Item twilightforest.item.TFItems.raven_feather. This means the object wasn't registered. It's likely just mod options.
[22:12:16] [Server thread/DEBUG] [FML]: Unable to lookup twilightforest:dense_twilight_forest for public static net.minecraft.world.biome.Biome twilightforest.biomes.TFBiomes.denseTwilightForest. This means the object wasn't registered. It's likely just mod options.
[22:12:16] [Server thread/DEBUG] [FML]: Unable to lookup twilightforest:ironwood_axe for public static net.minecraft.item.Item twilightforest.item.TFItems.ironwood_axe. This means the object wasn't registered. It's likely just mod options.
[22:12:16] [Server thread/DEBUG] [FML]: Unable to lookup twilightforest:steeleaf_helmet for public static net.minecraft.item.Item twilightforest.item.TFItems.steeleaf_helmet. This means the object wasn't registered. It's likely just mod options.
[22:12:16] [Server thread/DEBUG] [FML]: Unable to lookup twilightforest:ore_magnet for public static net.minecraft.item.Item twilightforest.item.TFItems.ore_magnet. This means the object wasn't registered. It's likely just mod options.
[22:12:16] [Server thread/DEBUG] [FML]: Unable to lookup twilightforest:raw_venison for public static net.minecraft.item.Item twilightforest.item.TFItems.raw_venison. This means the object wasn't registered. It's likely just mod options.
[22:12:16] [Server thread/DEBUG] [FML]: Unable to lookup twilightforest:knightmetal_ring for public static net.minecraft.item.Item twilightforest.item.TFItems.knightmetal_ring. This means the object wasn't registered. It's likely just mod options.
[22:12:16] [Server thread/DEBUG] [FML]: Unable to lookup twilightforest:twilight_stream for public static net.minecraft.world.biome.Biome twilightforest.biomes.TFBiomes.stream. This means the object wasn't registered. It's likely just mod options.
[22:12:16] [Server thread/DEBUG] [FML]: Unable to lookup better_diving:ambient.underwater.exit for public static net.minecraft.util.SoundEvent meldexun.better_diving.init.ModSounds.UNDERWATER_EXIT. This means the object wasn't registered. It's likely just mod options.
[22:12:16] [Server thread/DEBUG] [FML]: Unable to lookup twilightforest:mushroom_forest for public static net.minecraft.world.biome.Biome twilightforest.biomes.TFBiomes.mushrooms. This means the object wasn't registered. It's likely just mod options.
[22:12:16] [Server thread/DEBUG] [FML]: Unable to lookup twilightforest:spooky_forest for public static net.minecraft.world.biome.Biome twilightforest.biomes.TFBiomes.spookyForest. This means the object wasn't registered. It's likely just mod options.
[22:12:16] [Server thread/DEBUG] [FML]: Unable to lookup twilightforest:enchanted_forest for public static net.minecraft.world.biome.Biome twilightforest.biomes.TFBiomes.enchantedForest. This means the object wasn't registered. It's likely just mod options.
[22:12:16] [Server thread/DEBUG] [FML]: Unable to lookup twilightforest:deep_mushroom_forest for public static net.minecraft.world.biome.Biome twilightforest.biomes.TFBiomes.deepMushrooms. This means the object wasn't registered. It's likely just mod options.
[22:12:16] [Server thread/DEBUG] [FML]: Unable to lookup twilightforest:twilight_glacier for public static net.minecraft.world.biome.Biome twilightforest.biomes.TFBiomes.glacier. This means the object wasn't registered. It's likely just mod options.
[22:12:16] [Server thread/DEBUG] [FML]: Unable to lookup twilightforest:knightmetal_shield for public static net.minecraft.item.Item twilightforest.item.TFItems.knightmetal_shield. This means the object wasn't registered. It's likely just mod options.
[22:12:16] [Server thread/DEBUG] [FML]: Unable to lookup twilightforest:steeleaf_boots for public static net.minecraft.item.Item twilightforest.item.TFItems.steeleaf_boots. This means the object wasn't registered. It's likely just mod options.
[22:12:16] [Server thread/DEBUG] [FML]: Unable to lookup twilightforest:naga_scale for public static net.minecraft.item.Item twilightforest.item.TFItems.naga_scale. This means the object wasn't registered. It's likely just mod options.
[22:12:16] [Server thread/DEBUG] [FML]: Unable to lookup twilightforest:magic_map_empty for public static net.minecraft.item.Item twilightforest.item.TFItems.magic_map_empty. This means the object wasn't registered. It's likely just mod options.
[22:12:16] [Server thread/DEBUG] [FML]: Unable to lookup twilightforest:ironwood_ingot for public static net.minecraft.item.Item twilightforest.item.TFItems.ironwood_ingot. This means the object wasn't registered. It's likely just mod options.
[22:12:16] [Server thread/DEBUG] [FML]: Unable to lookup twilightforest:miniature_structure for public static net.minecraft.item.Item twilightforest.item.TFItems.miniature_structure. This means the object wasn't registered. It's likely just mod options.
[22:12:16] [Server thread/DEBUG] [FML]: Unable to lookup twilightforest:charm_of_keeping_2 for public static net.minecraft.item.Item twilightforest.item.TFItems.charm_of_keeping_2. This means the object wasn't registered. It's likely just mod options.
[22:12:16] [Server thread/DEBUG] [FML]: Unable to lookup twilightforest:magic_map for public static net.minecraft.item.Item twilightforest.item.TFItems.magic_map. This means the object wasn't registered. It's likely just mod options.
[22:12:16] [Server thread/DEBUG] [FML]: Unable to lookup twilightforest:hydra_chop for public static net.minecraft.item.Item twilightforest.item.TFItems.hydra_chop. This means the object wasn't registered. It's likely just mod options.
[22:12:16] [Server thread/DEBUG] [FML]: Unable to lookup twilightforest:fiery_blood for public static net.minecraft.item.Item twilightforest.item.TFItems.fiery_blood. This means the object wasn't registered. It's likely just mod options.
[22:12:16] [Server thread/DEBUG] [FML]: Unable to lookup twilightforest:maze_map_empty for public static net.minecraft.item.Item twilightforest.item.TFItems.maze_map_empty. This means the object wasn't registered. It's likely just mod options.
[22:12:16] [Server thread/DEBUG] [FML]: Unable to lookup twilightforest:dark_forest for public static net.minecraft.world.biome.Biome twilightforest.biomes.TFBiomes.darkForest. This means the object wasn't registered. It's likely just mod options.
[22:12:16] [Server thread/DEBUG] [FML]: Unable to lookup twilightforest:ironwood_pickaxe for public static net.minecraft.item.Item twilightforest.item.TFItems.ironwood_pickaxe. This means the object wasn't registered. It's likely just mod options.
[22:12:16] [Server thread/DEBUG] [FML]: Unable to lookup twilightforest:knightmetal_helmet for public static net.minecraft.item.Item twilightforest.item.TFItems.knightmetal_helmet. This means the object wasn't registered. It's likely just mod options.
[22:12:16] [Server thread/DEBUG] [FML]: Unable to lookup twilightforest:ironwood_boots for public static net.minecraft.item.Item twilightforest.item.TFItems.ironwood_boots. This means the object wasn't registered. It's likely just mod options.
[22:12:16] [Server thread/DEBUG] [FML]: Unable to lookup twilightforest:lamp_of_cinders for public static net.minecraft.item.Item twilightforest.item.TFItems.lamp_of_cinders. This means the object wasn't registered. It's likely just mod options.
[22:12:16] [Server thread/DEBUG] [FML]: Unable to lookup twilightforest:arctic_boots for public static net.minecraft.item.Item twilightforest.item.TFItems.arctic_boots. This means the object wasn't registered. It's likely just mod options.
[22:12:16] [Server thread/DEBUG] [FML]: Unable to lookup twilightforest:cube_talisman for public static net.minecraft.item.Item twilightforest.item.TFItems.cube_talisman. This means the object wasn't registered. It's likely just mod options.
[22:12:16] [Server thread/DEBUG] [FML]: Unable to lookup twilightforest:steeleaf_axe for public static net.minecraft.item.Item twilightforest.item.TFItems.steeleaf_axe. This means the object wasn't registered. It's likely just mod options.
[22:12:16] [Server thread/DEBUG] [FML]: Unable to lookup twilightforest:twilight_highlands for public static net.minecraft.world.biome.Biome twilightforest.biomes.TFBiomes.highlands. This means the object wasn't registered. It's likely just mod options.
[22:12:16] [Server thread/DEBUG] [FML]: Unable to lookup twilightforest:fiery_ingot for public static net.minecraft.item.Item twilightforest.item.TFItems.fiery_ingot. This means the object wasn't registered. It's likely just mod options.
[22:12:16] [Server thread/DEBUG] [FML]: Unable to lookup twilightforest:borer_essence for public static net.minecraft.item.Item twilightforest.item.TFItems.borer_essence. This means the object wasn't registered. It's likely just mod options.
[22:12:16] [Server thread/DEBUG] [FML]: Unable to lookup twilightforest:fiery_sword for public static net.minecraft.item.Item twilightforest.item.TFItems.fiery_sword. This means the object wasn't registered. It's likely just mod options.
[22:12:16] [Server thread/DEBUG] [FML]: Unable to lookup twilightforest:experiment_115 for public static net.minecraft.item.Item twilightforest.item.TFItems.experiment_115. This means the object wasn't registered. It's likely just mod options.
[22:12:16] [Server thread/DEBUG] [FML]: Unable to lookup twilightforest:meef_stroganoff for public static net.minecraft.item.Item twilightforest.item.TFItems.meef_stroganoff. This means the object wasn't registered. It's likely just mod options.
[22:12:16] [Server thread/DEBUG] [FML]: Unable to lookup twilightforest:cooked_venison for public static net.minecraft.item.Item twilightforest.item.TFItems.cooked_venison. This means the object wasn't registered. It's likely just mod options.
[22:12:16] [Server thread/DEBUG] [FML]: Unable to lookup twilightforest:cube_of_annihilation for public static net.minecraft.item.Item twilightforest.item.TFItems.cube_of_annihilation. This means the object wasn't registered. It's likely just mod options.
[22:12:16] [Server thread/DEBUG] [FML]: Unable to lookup twilightforest:minotaur_axe for public static net.minecraft.item.Item twilightforest.item.TFItems.minotaur_axe. This means the object wasn't registered. It's likely just mod options.
[22:12:16] [Server thread/DEBUG] [FML]: Unable to lookup twilightforest:twilight_lake for public static net.minecraft.world.biome.Biome twilightforest.biomes.TFBiomes.tfLake. This means the object wasn't registered. It's likely just mod options.
[22:12:16] [Server thread/DEBUG] [FML]: Unable to lookup twilightforest:knightmetal_leggings for public static net.minecraft.item.Item twilightforest.item.TFItems.knightmetal_leggings. This means the object wasn't registered. It's likely just mod options.
[22:12:16] [Server thread/DEBUG] [FML]: Unable to lookup twilightforest:liveroot for public static net.minecraft.item.Item twilightforest.item.TFItems.liveroot. This means the object wasn't registered. It's likely just mod options.
[22:12:16] [Server thread/DEBUG] [FML]: Unable to lookup better_diving:ambient.underwater.enter for public static net.minecraft.util.SoundEvent meldexun.better_diving.init.ModSounds.UNDERWATER_ENTER. This means the object wasn't registered. It's likely just mod options.
[22:12:16] [Server thread/DEBUG] [FML]: Unable to lookup twilightforest:block_storage for public static net.minecraft.item.Item twilightforest.item.TFItems.block_storage. This means the object wasn't registered. It's likely just mod options.
[22:12:16] [Server thread/DEBUG] [FML]: Unable to lookup twilightforest:charm_of_life_2 for public static net.minecraft.item.Item twilightforest.item.TFItems.charm_of_life_2. This means the object wasn't registered. It's likely just mod options.
[22:12:16] [Server thread/DEBUG] [FML]: Unable to lookup twilightforest:ice_bomb for public static net.minecraft.item.Item twilightforest.item.TFItems.ice_bomb. This means the object wasn't registered. It's likely just mod options.
[22:12:16] [Server thread/DEBUG] [FML]: Unable to lookup twilightforest:ice_sword for public static net.minecraft.item.Item twilightforest.item.TFItems.ice_sword. This means the object wasn't registered. It's likely just mod options.
[22:12:16] [Server thread/DEBUG] [FML]: Unable to lookup twilightforest:fiery_tears for public static net.minecraft.item.Item twilightforest.item.TFItems.fiery_tears. This means the object wasn't registered. It's likely just mod options.
[22:12:16] [Server thread/DEBUG] [FML]: Unable to lookup twilightforest:oak_savannah for public static net.minecraft.world.biome.Biome twilightforest.biomes.TFBiomes.oakSavanna. This means the object wasn't registered. It's likely just mod options.
[22:12:16] [Server thread/DEBUG] [FML]: Unable to lookup twilightforest:steeleaf_chestplate for public static net.minecraft.item.Item twilightforest.item.TFItems.steeleaf_chestplate. This means the object wasn't registered. It's likely just mod options.
[22:12:16] [Server thread/DEBUG] [FML]: Unable to lookup twilightforest:torchberries for public static net.minecraft.item.Item twilightforest.item.TFItems.torchberries. This means the object wasn't registered. It's likely just mod options.
[22:12:16] [Server thread/DEBUG] [FML]: Unable to lookup twilightforest:glass_sword for public static net.minecraft.item.Item twilightforest.item.TFItems.glass_sword. This means the object wasn't registered. It's likely just mod options.
[22:12:16] [Server thread/DEBUG] [FML]: Unable to lookup twilightforest:yeti_chestplate for public static net.minecraft.item.Item twilightforest.item.TFItems.yeti_chestplate. This means the object wasn't registered. It's likely just mod options.
[22:12:16] [Server thread/DEBUG] [FML]: Unable to lookup twilightforest:seeker_bow for public static net.minecraft.item.Item twilightforest.item.TFItems.seeker_bow. This means the object wasn't registered. It's likely just mod options.
[22:12:16] [Server thread/DEBUG] [FML]: Unable to lookup better_diving:ambient.underwater.loop.additions for public static net.minecraft.util.SoundEvent meldexun.better_diving.init.ModSounds.UNDERWATER_AMBIENCE_ADDITIONS. This means the object wasn't registered. It's likely just mod options.
[22:12:16] [Server thread/DEBUG] [FML]: Unable to lookup twilightforest:tower_key for public static net.minecraft.item.Item twilightforest.item.TFItems.tower_key. This means the object wasn't registered. It's likely just mod options.
[22:12:16] [Server thread/DEBUG] [FML]: Unable to lookup twilightforest:fiery_pickaxe for public static net.minecraft.item.Item twilightforest.item.TFItems.fiery_pickaxe. This means the object wasn't registered. It's likely just mod options.
[22:12:16] [Server thread/DEBUG] [FML]: Unable to lookup twilightforest:ore_meter for public static net.minecraft.item.Item twilightforest.item.TFItems.ore_meter. This means the object wasn't registered. It's likely just mod options.
[22:12:16] [Server thread/DEBUG] [FML]: Unable to lookup twilightforest:giant_pickaxe for public static net.minecraft.item.Item twilightforest.item.TFItems.giant_pickaxe. This means the object wasn't registered. It's likely just mod options.
[22:12:16] [Server thread/DEBUG] [FML]: Unable to lookup twilightforest:ironwood_hoe for public static net.minecraft.item.Item twilightforest.item.TFItems.ironwood_hoe. This means the object wasn't registered. It's likely just mod options.
[22:12:16] [Server thread/DEBUG] [FML]: Unable to lookup twilightforest:fiery_helmet for public static net.minecraft.item.Item twilightforest.item.TFItems.fiery_helmet. This means the object wasn't registered. It's likely just mod options.
[22:12:16] [Server thread/DEBUG] [FML]: Unable to lookup twilightforest:dark_forest_center for public static net.minecraft.world.biome.Biome twilightforest.biomes.TFBiomes.darkForestCenter. This means the object wasn't registered. It's likely just mod options.
[22:12:16] [Server thread/DEBUG] [FML]: Unable to lookup twilightforest:raw_meef for public static net.minecraft.item.Item twilightforest.item.TFItems.raw_meef. This means the object wasn't registered. It's likely just mod options.
[22:12:16] [Server thread/DEBUG] [FML]: Unable to lookup twilightforest:zombie_scepter for public static net.minecraft.item.Item twilightforest.item.TFItems.zombie_scepter. This means the object wasn't registered. It's likely just mod options.
[22:12:16] [Server thread/DEBUG] [FML]: Unable to lookup twilightforest:yeti_boots for public static net.minecraft.item.Item twilightforest.item.TFItems.yeti_boots. This means the object wasn't registered. It's likely just mod options.
[22:12:16] [Server thread/DEBUG] [FML]: Unable to lookup twilightforest:ironwood_helmet for public static net.minecraft.item.Item twilightforest.item.TFItems.ironwood_helmet. This means the object wasn't registered. It's likely just mod options.
[22:12:16] [Server thread/DEBUG] [FML]: Unable to lookup twilightforest:charm_of_keeping_3 for public static net.minecraft.item.Item twilightforest.item.TFItems.charm_of_keeping_3. This means the object wasn't registered. It's likely just mod options.
[22:12:16] [Server thread/DEBUG] [FML]: Unable to lookup twilightforest:naga_leggings for public static net.minecraft.item.Item twilightforest.item.TFItems.naga_leggings. This means the object wasn't registered. It's likely just mod options.
[22:12:16] [Server thread/DEBUG] [FML]: Unable to lookup twilightforest:twilight_swamp for public static net.minecraft.world.biome.Biome twilightforest.biomes.TFBiomes.tfSwamp. This means the object wasn't registered. It's likely just mod options.
[22:12:16] [Server thread/DEBUG] [FML]: Unable to lookup better_diving:ambient.underwater.loop for public static net.minecraft.util.SoundEvent meldexun.better_diving.init.ModSounds.UNDERWATER_AMBIENCE. This means the object wasn't registered. It's likely just mod options.
[22:12:16] [Server thread/DEBUG] [FML]: Unable to lookup twilightforest:peacock_fan for public static net.minecraft.item.Item twilightforest.item.TFItems.peacock_fan. This means the object wasn't registered. It's likely just mod options.
[22:12:16] [Server thread/DEBUG] [FML]: Unable to lookup twilightforest:ironwood_shovel for public static net.minecraft.item.Item twilightforest.item.TFItems.ironwood_shovel. This means the object wasn't registered. It's likely just mod options.
[22:12:16] [Server thread/DEBUG] [FML]: Unable to lookup twilightforest:ore_map_empty for public static net.minecraft.item.Item twilightforest.item.TFItems.ore_map_empty. This means the object wasn't registered. It's likely just mod options.
[22:12:16] [Server thread/DEBUG] [FML]: Unable to lookup twilightforest:knightmetal_axe for public static net.minecraft.item.Item twilightforest.item.TFItems.knightmetal_axe. This means the object wasn't registered. It's likely just mod options.
[22:12:16] [Server thread/DEBUG] [FML]: Unable to lookup twilightforest:knightmetal_sword for public static net.minecraft.item.Item twilightforest.item.TFItems.knightmetal_sword. This means the object wasn't registered. It's likely just mod options.
[22:12:16] [Server thread/DEBUG] [FML]: Unable to lookup twilightforest:frosted for public static net.minecraft.potion.Potion twilightforest.potions.TFPotions.frosty. This means the object wasn't registered. It's likely just mod options.
[22:12:16] [Server thread/DEBUG] [FML]: Unable to lookup twilightforest:arctic_helmet for public static net.minecraft.item.Item twilightforest.item.TFItems.arctic_helmet. This means the object wasn't registered. It's likely just mod options.
[22:12:16] [Server thread/DEBUG] [FML]: Unable to lookup twilightforest:naga_chestplate for public static net.minecraft.item.Item twilightforest.item.TFItems.naga_chestplate. This means the object wasn't registered. It's likely just mod options.
[22:12:16] [Server thread/DEBUG] [FML]: Unable to lookup better_diving:ambient.underwater.loop.additions.ultra_rare for public static net.minecraft.util.SoundEvent meldexun.better_diving.init.ModSounds.UNDERWATER_AMBIENCE_ADDITIONS_ULTRA_RARE. This means the object wasn't registered. It's likely just mod options.
[22:12:16] [Server thread/DEBUG] [FML]: Unable to lookup twilightforest:knightmetal_pickaxe for public static net.minecraft.item.Item twilightforest.item.TFItems.knightmetal_pickaxe. This means the object wasn't registered. It's likely just mod options.
[22:12:16] [Server thread/DEBUG] [FML]: Unable to lookup twilightforest:thornlands for public static net.minecraft.world.biome.Biome twilightforest.biomes.TFBiomes.thornlands. This means the object wasn't registered. It's likely just mod options.
[22:12:16] [Server thread/DEBUG] [FML]: Unable to lookup quark:color_slime for public static net.minecraft.block.Block slimeknights.tconstruct.plugin.quark.QuarkPlugin.colorSlime. This means the object wasn't registered. It's likely just mod options.
[22:12:16] [Server thread/DEBUG] [FML]: Unable to lookup twilightforest:ironwood_chestplate for public static net.minecraft.item.Item twilightforest.item.TFItems.ironwood_chestplate. This means the object wasn't registered. It's likely just mod options.
[22:12:16] [Server thread/DEBUG] [FML]: Unable to lookup twilightforest:knightmetal_ingot for public static net.minecraft.item.Item twilightforest.item.TFItems.knightmetal_ingot. This means the object wasn't registered. It's likely just mod options.
[22:12:16] [Server thread/DEBUG] [FML]: Unable to lookup better_diving:ambient.underwater.loop.additions.rare for public static net.minecraft.util.SoundEvent meldexun.better_diving.init.ModSounds.UNDERWATER_AMBIENCE_ADDITIONS_RARE. This means the object wasn't registered. It's likely just mod options.
[22:12:16] [Server thread/DEBUG] [FML]: Unable to lookup twilightforest:steeleaf_pickaxe for public static net.minecraft.item.Item twilightforest.item.TFItems.steeleaf_pickaxe. This means the object wasn't registered. It's likely just mod options.
[22:12:16] [Server thread/DEBUG] [FML]: Unable to lookup twilightforest:ironwood_raw for public static net.minecraft.item.Item twilightforest.item.TFItems.ironwood_raw. This means the object wasn't registered. It's likely just mod options.
[22:12:16] [Server thread/DEBUG] [FML]: Unable to lookup twilightforest:lifedrain_scepter for public static net.minecraft.item.Item twilightforest.item.TFItems.lifedrain_scepter. This means the object wasn't registered. It's likely just mod options.
[22:12:16] [Server thread/DEBUG] [FML]: Unable to lookup baubles:ring for public static net.minecraft.item.Item baubles.common.items.ItemRing.RING. This means the object wasn't registered. It's likely just mod options.
[22:12:16] [Server thread/DEBUG] [FML]: Unable to lookup twilightforest:twilight_scepter for public static net.minecraft.item.Item twilightforest.item.TFItems.twilight_scepter. This means the object wasn't registered. It's likely just mod options.
[22:12:16] [Server thread/DEBUG] [FML]: Unable to lookup twilightforest:arctic_fur for public static net.minecraft.item.Item twilightforest.item.TFItems.arctic_fur. This means the object wasn't registered. It's likely just mod options.
[22:12:16] [Server thread/DEBUG] [FML]: Unable to lookup twilightforest:firefly_forest for public static net.minecraft.world.biome.Biome twilightforest.biomes.TFBiomes.fireflyForest. This means the object wasn't registered. It's likely just mod options.
[22:12:16] [Server thread/DEBUG] [FML]: Unable to lookup twilightforest:phantom_helmet for public static net.minecraft.item.Item twilightforest.item.TFItems.phantom_helmet. This means the object wasn't registered. It's likely just mod options.
[22:12:16] [Server thread/DEBUG] [FML]: Unable to lookup twilightforest:steeleaf_leggings for public static net.minecraft.item.Item twilightforest.item.TFItems.steeleaf_leggings. This means the object wasn't registered. It's likely just mod options.
[22:12:16] [Server thread/DEBUG] [FML]: Unable to lookup twilightforest:yeti_helmet for public static net.minecraft.item.Item twilightforest.item.TFItems.yeti_helmet. This means the object wasn't registered. It's likely just mod options.
[22:12:16] [Server thread/DEBUG] [FML]: Unable to lookup twilightforest:maze_map_focus for public static net.minecraft.item.Item twilightforest.item.TFItems.maze_map_focus. This means the object wasn't registered. It's likely just mod options.
[22:12:16] [Server thread/DEBUG] [FML]: Unable to lookup twilightforest:block_and_chain for public static net.minecraft.item.Item twilightforest.item.TFItems.block_and_chain. This means the object wasn't registered. It's likely just mod options.
[22:12:16] [Server thread/DEBUG] [FML]: Unable to lookup twilightforest:maze_map for public static net.minecraft.item.Item twilightforest.item.TFItems.maze_map. This means the object wasn't registered. It's likely just mod options.
[22:12:16] [Server thread/DEBUG] [FML]: Unable to lookup twilightforest:twilight_clearing for public static net.minecraft.world.biome.Biome twilightforest.biomes.TFBiomes.clearing. This means the object wasn't registered. It's likely just mod options.
[22:12:16] [Server thread/DEBUG] [FML]: Unable to lookup twilightforest:twilight_forest for public static net.minecraft.world.biome.Biome twilightforest.biomes.TFBiomes.twilightForest. This means the object wasn't registered. It's likely just mod options.
[22:12:16] [Server thread/DEBUG] [FML]: Unable to lookup twilightforest:cooked_meef for public static net.minecraft.item.Item twilightforest.item.TFItems.cooked_meef. This means the object wasn't registered. It's likely just mod options.
[22:12:16] [Server thread/DEBUG] [FML]: Unable to lookup twilightforest:minotaur_axe_gold for public static net.minecraft.item.Item twilightforest.item.TFItems.minotaur_axe_gold. This means the object wasn't registered. It's likely just mod options.
[22:12:16] [Server thread/DEBUG] [FML]: Unable to lookup twilightforest:ore_map for public static net.minecraft.item.Item twilightforest.item.TFItems.ore_map. This means the object wasn't registered. It's likely just mod options.
[22:12:16] [Server thread/DEBUG] [FML]: Unable to lookup twilightforest:fiery_chestplate for public static net.minecraft.item.Item twilightforest.item.TFItems.fiery_chestplate. This means the object wasn't registered. It's likely just mod options.
[22:12:16] [Server thread/DEBUG] [FML]: Unable to lookup twilightforest:castle_door for public static net.minecraft.item.Item twilightforest.item.TFItems.castle_door. This means the object wasn't registered. It's likely just mod options.
[22:12:16] [Server thread/DEBUG] [FML]: Unable to lookup twilightforest:giant_sword for public static net.minecraft.item.Item twilightforest.item.TFItems.giant_sword. This means the object wasn't registered. It's likely just mod options.
[22:12:16] [Server thread/DEBUG] [FML]: Unable to lookup twilightforest:armor_shard_cluster for public static net.minecraft.item.Item twilightforest.item.TFItems.armor_shard_cluster. This means the object wasn't registered. It's likely just mod options.
[22:12:16] [Server thread/DEBUG] [FML]: Unable to lookup twilightforest:steeleaf_hoe for public static net.minecraft.item.Item twilightforest.item.TFItems.steeleaf_hoe. This means the object wasn't registered. It's likely just mod options.
[22:12:16] [Server thread/DEBUG] [FML]: Unable to lookup twilightforest:yeti_leggings for public static net.minecraft.item.Item twilightforest.item.TFItems.yeti_leggings. This means the object wasn't registered. It's likely just mod options.
[22:12:16] [Server thread/DEBUG] [FML]: Unable to lookup twilightforest:charm_of_keeping_1 for public static net.minecraft.item.Item twilightforest.item.TFItems.charm_of_keeping_1. This means the object wasn't registered. It's likely just mod options.
[22:12:16] [Server thread/DEBUG] [FML]: Unable to lookup twilightforest:shield_scepter for public static net.minecraft.item.Item twilightforest.item.TFItems.shield_scepter. This means the object wasn't registered. It's likely just mod options.
[22:12:16] [Server thread/DEBUG] [FML]: Unable to lookup twilightforest:trophy for public static net.minecraft.item.Item twilightforest.item.TFItems.trophy. This means the object wasn't registered. It's likely just mod options.
[22:12:16] [Server thread/INFO] [FML]: Holder lookups applied
[22:12:17] [Server thread/INFO] [Backpack]: Loading items...
[22:12:17] [Server thread/INFO] [Backpack]: 15 item features loaded.
[22:12:17] [Server thread/INFO] [Spartan Shields]: Items Registered!
[22:12:17] [Server thread/INFO] [armoryexpansion-conarm]: Done loading config from local JSON file
[22:12:17] [Server thread/INFO] [armoryexpansion-conarm]: Done loading config from source
[22:12:17] [Server thread/INFO] [armoryexpansion-conarm]: Done loading all materials from local JSON files
[22:12:17] [Server thread/INFO] [armoryexpansion-conarm]: Done loading all materials from source
[22:12:17] [Server thread/INFO] [armoryexpansion-conarm]: Done loading all material traits from local JSON files
[22:12:17] [Server thread/INFO] [armoryexpansion-conarm]: Done loading all material traits from source
[22:12:17] [Server thread/INFO] [armoryexpansion-conarm]: Done loading all ore dictionary entries from local JSON files
[22:12:17] [Server thread/INFO] [armoryexpansion-conarm]: Done loading all ore dictionary entries from source
[22:12:17] [Server thread/INFO] [armoryexpansion-conarm]: Done loading all alloys from local JSON files
[22:12:17] [Server thread/INFO] [armoryexpansion-conarm]: Done loading all alloys from source
[22:12:17] [Server thread/INFO] [armoryexpansion-conarm]: Done saving config to local JSON file
[22:12:17] [Server thread/INFO] [armoryexpansion-conarm]: Done saving all materials to local JSON files
[22:12:17] [Server thread/INFO] [armoryexpansion-conarm]: Done saving all material traits to local JSON files
[22:12:17] [Server thread/INFO] [armoryexpansion-conarm]: Done saving all ore dictionary entries to local JSON files
[22:12:17] [Server thread/INFO] [armoryexpansion-conarm]: Done saving all alloys to local JSON files
[22:12:17] [Server thread/INFO] [armoryexpansion-conarm]: Registered stats for tinker's material {knightmetal};
[22:12:17] [Server thread/INFO] [armoryexpansion-conarm]: Registered stats for tinker's material {fierymetal};
[22:12:17] [Server thread/INFO] [armoryexpansion-conarm]: Registered stats for tinker's material {nagascale};
[22:12:17] [Server thread/INFO] [armoryexpansion-conarm]: Registered stats for tinker's material {steeleaf};
[22:12:17] [Server thread/INFO] [FML]: Applying holder lookups
[22:12:17] [Server thread/DEBUG] [FML]: Unable to lookup atum:assassin for public static net.minecraftforge.fml.common.registry.EntityEntry com.teammetallurgy.atum.init.AtumEntities.ASSASSIN. This means the object wasn't registered. It's likely just mod options.
[22:12:17] [Server thread/DEBUG] [FML]: Unable to lookup atum:bandit_warlord for public static net.minecraftforge.fml.common.registry.EntityEntry com.teammetallurgy.atum.init.AtumEntities.BANDIT_WARLORD. This means the object wasn't registered. It's likely just mod options.
[22:12:17] [Server thread/DEBUG] [FML]: Unable to lookup atum:barbarian for public static net.minecraftforge.fml.common.registry.EntityEntry com.teammetallurgy.atum.init.AtumEntities.BARBARIAN. This means the object wasn't registered. It's likely just mod options.
[22:12:17] [Server thread/DEBUG] [FML]: Unable to lookup atum:bonestorm for public static net.minecraftforge.fml.common.registry.EntityEntry com.teammetallurgy.atum.init.AtumEntities.BONESTORM. This means the object wasn't registered. It's likely just mod options.
[22:12:17] [Server thread/DEBUG] [FML]: Unable to lookup atum:brigand for public static net.minecraftforge.fml.common.registry.EntityEntry com.teammetallurgy.atum.init.AtumEntities.BRIGAND. This means the object wasn't registered. It's likely just mod options.
[22:12:17] [Server thread/DEBUG] [FML]: Unable to lookup atum:camel for public static net.minecraftforge.fml.common.registry.EntityEntry com.teammetallurgy.atum.init.AtumEntities.CAMEL. This means the object wasn't registered. It's likely just mod options.
[22:12:17] [Server thread/DEBUG] [FML]: Unable to lookup atum:desert_wolf for public static net.minecraftforge.fml.common.registry.EntityEntry com.teammetallurgy.atum.init.AtumEntities.DESERT_WOLF. This means the object wasn't registered. It's likely just mod options.
[22:12:17] [Server thread/DEBUG] [FML]: Unable to lookup atum:forsaken for public static net.minecraftforge.fml.common.registry.EntityEntry com.teammetallurgy.atum.init.AtumEntities.FORSAKEN. This means the object wasn't registered. It's likely just mod options.
[22:12:17] [Server thread/DEBUG] [FML]: Unable to lookup atum:mummy for public static net.minecraftforge.fml.common.registry.EntityEntry com.teammetallurgy.atum.init.AtumEntities.MUMMY. This means the object wasn't registered. It's likely just mod options.
[22:12:17] [Server thread/DEBUG] [FML]: Unable to lookup atum:nomad for public static net.minecraftforge.fml.common.registry.EntityEntry com.teammetallurgy.atum.init.AtumEntities.NOMAD. This means the object wasn't registered. It's likely just mod options.
[22:12:17] [Server thread/DEBUG] [FML]: Unable to lookup atum:pharaoh for public static net.minecraftforge.fml.common.registry.EntityEntry com.teammetallurgy.atum.init.AtumEntities.PHARAOH. This means the object wasn't registered. It's likely just mod options.
[22:12:17] [Server thread/DEBUG] [FML]: Unable to lookup atum:rabbit for public static net.minecraftforge.fml.common.registry.EntityEntry com.teammetallurgy.atum.init.AtumEntities.RABBIT. This means the object wasn't registered. It's likely just mod options.
[22:12:17] [Server thread/DEBUG] [FML]: Unable to lookup atum:scarab for public static net.minecraftforge.fml.common.registry.EntityEntry com.teammetallurgy.atum.init.AtumEntities.SCARAB. This means the object wasn't registered. It's likely just mod options.
[22:12:17] [Server thread/DEBUG] [FML]: Unable to lookup atum:stoneguard for public static net.minecraftforge.fml.common.registry.EntityEntry com.teammetallurgy.atum.init.AtumEntities.STONEGUARD. This means the object wasn't registered. It's likely just mod options.
[22:12:17] [Server thread/DEBUG] [FML]: Unable to lookup atum:stonewarden for public static net.minecraftforge.fml.common.registry.EntityEntry com.teammetallurgy.atum.init.AtumEntities.STONEWARDEN. This means the object wasn't registered. It's likely just mod options.
[22:12:17] [Server thread/DEBUG] [FML]: Unable to lookup atum:sunspeaker for public static net.minecraftforge.fml.common.registry.EntityEntry com.teammetallurgy.atum.init.AtumEntities.SUNSPEAKER. This means the object wasn't registered. It's likely just mod options.
[22:12:17] [Server thread/DEBUG] [FML]: Unable to lookup atum:tarantula for public static net.minecraftforge.fml.common.registry.EntityEntry com.teammetallurgy.atum.init.AtumEntities.TARANTULA. This means the object wasn't registered. It's likely just mod options.
[22:12:17] [Server thread/DEBUG] [FML]: Unable to lookup atum:wraith for public static net.minecraftforge.fml.common.registry.EntityEntry com.teammetallurgy.atum.init.AtumEntities.WRAITH. This means the object wasn't registered. It's likely just mod options.
[22:12:17] [Server thread/DEBUG] [FML]: Unable to lookup atum:camel_spit for public static net.minecraftforge.fml.common.registry.EntityEntry com.teammetallurgy.atum.init.AtumEntities.CAMEL_SPIT. This means the object wasn't registered. It's likely just mod options.
[22:12:17] [Server thread/DEBUG] [FML]: Unable to lookup atum:double_shot_black for public static net.minecraftforge.fml.common.registry.EntityEntry com.teammetallurgy.atum.init.AtumEntities.DOUBLE_SHOT_BLACK. This means the object wasn't registered. It's likely just mod options.
[22:12:17] [Server thread/DEBUG] [FML]: Unable to lookup atum:double_shot_white for public static net.minecraftforge.fml.common.registry.EntityEntry com.teammetallurgy.atum.init.AtumEntities.DOUBLE_SHOT_WHITE. This means the object wasn't registered. It's likely just mod options.
[22:12:17] [Server thread/DEBUG] [FML]: Unable to lookup atum:explosive_arrow for public static net.minecraftforge.fml.common.registry.EntityEntry com.teammetallurgy.atum.init.AtumEntities.EXPLOSIVE_ARROW. This means the object wasn't registered. It's likely just mod options.
[22:12:17] [Server thread/DEBUG] [FML]: Unable to lookup atum:fire_arrow for public static net.minecraftforge.fml.common.registry.EntityEntry com.teammetallurgy.atum.init.AtumEntities.FIRE_ARROW. This means the object wasn't registered. It's likely just mod options.
[22:12:17] [Server thread/DEBUG] [FML]: Unable to lookup atum:heart_of_ra for public static net.minecraftforge.fml.common.registry.EntityEntry com.teammetallurgy.atum.init.AtumEntities.HEART_OF_RA. This means the object wasn't registered. It's likely just mod options.
[22:12:17] [Server thread/DEBUG] [FML]: Unable to lookup atum:poison_arrow for public static net.minecraftforge.fml.common.registry.EntityEntry com.teammetallurgy.atum.init.AtumEntities.POISON_ARROW. This means the object wasn't registered. It's likely just mod options.
[22:12:17] [Server thread/DEBUG] [FML]: Unable to lookup atum:quickdraw_arrow for public static net.minecraftforge.fml.common.registry.EntityEntry com.teammetallurgy.atum.init.AtumEntities.QUICKDRAW_ARROW. This means the object wasn't registered. It's likely just mod options.
[22:12:17] [Server thread/DEBUG] [FML]: Unable to lookup atum:rain_arrow for public static net.minecraftforge.fml.common.registry.EntityEntry com.teammetallurgy.atum.init.AtumEntities.RAIN_ARROW. This means the object wasn't registered. It's likely just mod options.
[22:12:17] [Server thread/DEBUG] [FML]: Unable to lookup atum:slowness_arrow for public static net.minecraftforge.fml.common.registry.EntityEntry com.teammetallurgy.atum.init.AtumEntities.SLOWNESS_ARROW. This means the object wasn't registered. It's likely just mod options.
[22:12:17] [Server thread/DEBUG] [FML]: Unable to lookup atum:small_bone for public static net.minecraftforge.fml.common.registry.EntityEntry com.teammetallurgy.atum.init.AtumEntities.SMALL_BONE. This means the object wasn't registered. It's likely just mod options.
[22:12:17] [Server thread/DEBUG] [FML]: Unable to lookup atum:straight_arrow for public static net.minecraftforge.fml.common.registry.EntityEntry com.teammetallurgy.atum.init.AtumEntities.STRAIGHT_ARROW. This means the object wasn't registered. It's likely just mod options.
[22:12:17] [Server thread/DEBUG] [FML]: Unable to lookup atum:tefnuts_call for public static net.minecraftforge.fml.common.registry.EntityEntry com.teammetallurgy.atum.init.AtumEntities.TEFNUTS_CALL. This means the object wasn't registered. It's likely just mod options.
[22:12:17] [Server thread/DEBUG] [FML]: Unable to lookup mca:guard for public static net.minecraftforge.fml.common.registry.VillagerRegistry$VillagerProfession mca.core.minecraft.ProfessionsMCA.guard. This means the object wasn't registered. It's likely just mod options.
[22:12:17] [Server thread/DEBUG] [FML]: Unable to lookup mca:bandit for public static net.minecraftforge.fml.common.registry.VillagerRegistry$VillagerProfession mca.core.minecraft.ProfessionsMCA.bandit. This means the object wasn't registered. It's likely just mod options.
[22:12:17] [Server thread/DEBUG] [FML]: Unable to lookup mca:child for public static net.minecraftforge.fml.common.registry.VillagerRegistry$VillagerProfession mca.core.minecraft.ProfessionsMCA.child. This means the object wasn't registered. It's likely just mod options.
[22:12:17] [Server thread/DEBUG] [FML]: Unable to lookup mca:baker for public static net.minecraftforge.fml.common.registry.VillagerRegistry$VillagerProfession mca.core.minecraft.ProfessionsMCA.baker. This means the object wasn't registered. It's likely just mod options.
[22:12:17] [Server thread/DEBUG] [FML]: Unable to lookup mca:miner for public static net.minecraftforge.fml.common.registry.VillagerRegistry$VillagerProfession mca.core.minecraft.ProfessionsMCA.miner. This means the object wasn't registered. It's likely just mod options.
[22:12:17] [Server thread/DEBUG] [FML]: Unable to lookup atum:dust_bone_stick for public static net.minecraft.item.Item com.teammetallurgy.atum.init.AtumItems.DUST_BONE_STICK. This means the object wasn't registered. It's likely just mod options.
[22:12:17] [Server thread/DEBUG] [FML]: Unable to lookup atum:dirty_coin for public static net.minecraft.item.Item com.teammetallurgy.atum.init.AtumItems.DIRTY_COIN. This means the object wasn't registered. It's likely just mod options.
[22:12:17] [Server thread/DEBUG] [FML]: Unable to lookup atum:gold_coin for public static net.minecraft.item.Item com.teammetallurgy.atum.init.AtumItems.GOLD_COIN. This means the object wasn't registered. It's likely just mod options.
[22:12:17] [Server thread/DEBUG] [FML]: Unable to lookup atum:dagger_iron for public static net.minecraft.item.Item com.teammetallurgy.atum.init.AtumItems.DAGGER_IRON. This means the object wasn't registered. It's likely just mod options.
[22:12:17] [Server thread/DEBUG] [FML]: Unable to lookup atum:poison_dagger for public static net.minecraft.item.Item com.teammetallurgy.atum.init.AtumItems.POISON_DAGGER. This means the object wasn't registered. It's likely just mod options.
[22:12:17] [Server thread/DEBUG] [FML]: Unable to lookup atum:scimitar_iron for public static net.minecraft.item.Item com.teammetallurgy.atum.init.AtumItems.SCIMITAR_IRON. This means the object wasn't registered. It's likely just mod options.
[22:12:17] [Server thread/DEBUG] [FML]: Unable to lookup atum:greatsword_iron for public static net.minecraft.item.Item com.teammetallurgy.atum.init.AtumItems.GREATSWORD_IRON. This means the object wasn't registered. It's likely just mod options.
[22:12:17] [Server thread/DEBUG] [FML]: Unable to lookup atum:club_iron for public static net.minecraft.item.Item com.teammetallurgy.atum.init.AtumItems.CLUB_IRON. This means the object wasn't registered. It's likely just mod options.
[22:12:17] [Server thread/DEBUG] [FML]: Unable to lookup atum:khopesh_iron for public static net.minecraft.item.Item com.teammetallurgy.atum.init.AtumItems.KHOPESH_IRON. This means the object wasn't registered. It's likely just mod options.
[22:12:17] [Server thread/DEBUG] [FML]: Unable to lookup atum:thoths_bearings for public static com.teammetallurgy.atum.items.artifacts.thoth.ItemThothsBearings com.teammetallurgy.atum.init.AtumItems.THOTHS_BEARINGS. This means the object wasn't registered. It's likely just mod options.
[22:12:17] [Server thread/DEBUG] [FML]: Unable to lookup atum:thoths_direction for public static net.minecraft.item.Item com.teammetallurgy.atum.init.AtumItems.THOTHS_DIRECTION. This means the object wasn't registered. It's likely just mod options.
[22:12:17] [Server thread/DEBUG] [FML]: Unable to lookup atum:anubis_mercy for public static net.minecraft.item.Item com.teammetallurgy.atum.init.AtumItems.ANUBIS_MERCY. This means the object wasn't registered. It's likely just mod options.
[22:12:17] [Server thread/DEBUG] [FML]: Unable to lookup atum:anubis_wrath for public static net.minecraft.item.Item com.teammetallurgy.atum.init.AtumItems.ANUBIS_WRATH. This means the object wasn't registered. It's likely just mod options.
[22:12:17] [Server thread/DEBUG] [FML]: Unable to lookup atum:scrap for public static net.minecraft.item.Item com.teammetallurgy.atum.init.AtumItems.SCRAP. This means the object wasn't registered. It's likely just mod options.
[22:12:17] [Server thread/DEBUG] [FML]: Unable to lookup atum:enchanted_golden_date for public static net.minecraft.item.Item com.teammetallurgy.atum.init.AtumItems.ENCHANTED_GOLDEN_DATE. This means the object wasn't registered. It's likely just mod options.
[22:12:17] [Server thread/DEBUG] [FML]: Unable to lookup atum:forsaken_fish for public static net.minecraft.item.Item com.teammetallurgy.atum.init.AtumItems.FORSAKEN_FISH. This means the object wasn't registered. It's likely just mod options.
[22:12:17] [Server thread/DEBUG] [FML]: Unable to lookup atum:mummified_fish for public static net.minecraft.item.Item com.teammetallurgy.atum.init.AtumItems.MUMMIFIED_FISH. This means the object wasn't registered. It's likely just mod options.
[22:12:17] [Server thread/DEBUG] [FML]: Unable to lookup atum:jeweled_fish for public static net.minecraft.item.Item com.teammetallurgy.atum.init.AtumItems.JEWELED_FISH. This means the object wasn't registered. It's likely just mod options.
[22:12:17] [Server thread/DEBUG] [FML]: Unable to lookup atum:skeletal_fish for public static net.minecraft.item.Item com.teammetallurgy.atum.init.AtumItems.SKELETAL_FISH. This means the object wasn't registered. It's likely just mod options.
[22:12:17] [Server thread/DEBUG] [FML]: Unable to lookup atum:crunchy_gold_scarab for public static net.minecraft.item.Item com.teammetallurgy.atum.init.AtumItems.CRUNCHY_GOLD_SCARAB. This means the object wasn't registered. It's likely just mod options.
[22:12:17] [Server thread/DEBUG] [FML]: Unable to lookup atum:dead_oasis for public static com.teammetallurgy.atum.world.biome.base.AtumBiome com.teammetallurgy.atum.init.AtumBiomes.DEAD_OASIS. This means the object wasn't registered. It's likely just mod options.
[22:12:17] [Server thread/DEBUG] [FML]: Unable to lookup atum:deadwood_forest for public static com.teammetallurgy.atum.world.biome.base.AtumBiome com.teammetallurgy.atum.init.AtumBiomes.DEADWOOD_FOREST. This means the object wasn't registered. It's likely just mod options.
[22:12:17] [Server thread/DEBUG] [FML]: Unable to lookup atum:dried_river for public static com.teammetallurgy.atum.world.biome.base.AtumBiome com.teammetallurgy.atum.init.AtumBiomes.DRIED_RIVER. This means the object wasn't registered. It's likely just mod options.
[22:12:17] [Server thread/DEBUG] [FML]: Unable to lookup atum:limestone_crags for public static com.teammetallurgy.atum.world.biome.base.AtumBiome com.teammetallurgy.atum.init.AtumBiomes.LIMESTONE_CRAGS. This means the object wasn't registered. It's likely just mod options.
[22:12:17] [Server thread/DEBUG] [FML]: Unable to lookup atum:limestone_mountains for public static com.teammetallurgy.atum.world.biome.base.AtumBiome com.teammetallurgy.atum.init.AtumBiomes.LIMESTONE_MOUNTAINS. This means the object wasn't registered. It's likely just mod options.
[22:12:17] [Server thread/DEBUG] [FML]: Unable to lookup atum:oasis for public static com.teammetallurgy.atum.world.biome.base.AtumBiome com.teammetallurgy.atum.init.AtumBiomes.OASIS. This means the object wasn't registered. It's likely just mod options.
[22:12:17] [Server thread/DEBUG] [FML]: Unable to lookup atum:sand_dunes for public static com.teammetallurgy.atum.world.biome.base.AtumBiome com.teammetallurgy.atum.init.AtumBiomes.SAND_DUNES. This means the object wasn't registered. It's likely just mod options.
[22:12:17] [Server thread/DEBUG] [FML]: Unable to lookup atum:sand_hills for public static com.teammetallurgy.atum.world.biome.base.AtumBiome com.teammetallurgy.atum.init.AtumBiomes.SAND_HILLS. This means the object wasn't registered. It's likely just mod options.
[22:12:17] [Server thread/DEBUG] [FML]: Unable to lookup atum:sand_plains for public static com.teammetallurgy.atum.world.biome.base.AtumBiome com.teammetallurgy.atum.init.AtumBiomes.SAND_PLAINS. This means the object wasn't registered. It's likely just mod options.
[22:12:17] [Server thread/DEBUG] [FML]: Unable to lookup better_diving:seamoth_engine_loop for public static net.minecraft.util.SoundEvent meldexun.better_diving.init.ModSounds.SEAMOTH_ENGINE_LOOP. This means the object wasn't registered. It's likely just mod options.
[22:12:17] [Server thread/DEBUG] [FML]: Unable to lookup better_diving:seamoth_enter for public static net.minecraft.util.SoundEvent meldexun.better_diving.init.ModSounds.SEAMOTH_ENTER. This means the object wasn't registered. It's likely just mod options.
[22:12:17] [Server thread/DEBUG] [FML]: Unable to lookup better_diving:seamoth_exit for public static net.minecraft.util.SoundEvent meldexun.better_diving.init.ModSounds.SEAMOTH_EXIT. This means the object wasn't registered. It's likely just mod options.
[22:12:17] [Server thread/DEBUG] [FML]: Unable to lookup better_diving:seamoth_impact for public static net.minecraft.util.SoundEvent meldexun.better_diving.init.ModSounds.SEAMOTH_IMPACT. This means the object wasn't registered. It's likely just mod options.
[22:12:17] [Server thread/DEBUG] [FML]: Unable to lookup atum:smooth_limestone_slab for public static net.minecraft.block.Block com.teammetallurgy.atum.init.AtumBlocks.SMOOTH_LIMESTONE_SLAB. This means the object wasn't registered. It's likely just mod options.
[22:12:17] [Server thread/DEBUG] [FML]: Unable to lookup atum:cracked_limestone_slab for public static net.minecraft.block.Block com.teammetallurgy.atum.init.AtumBlocks.CRACKED_LIMESTONE_SLAB. This means the object wasn't registered. It's likely just mod options.
[22:12:17] [Server thread/DEBUG] [FML]: Unable to lookup atum:sand_layered for public static net.minecraft.block.Block com.teammetallurgy.atum.init.AtumBlocks.SAND_LAYERED. This means the object wasn't registered. It's likely just mod options.
[22:12:17] [Server thread/DEBUG] [FML]: Unable to lookup atum:flax for public static net.minecraft.block.Block com.teammetallurgy.atum.init.AtumBlocks.FLAX. This means the object wasn't registered. It's likely just mod options.
[22:12:17] [Server thread/DEBUG] [FML]: Unable to lookup atum:bone_dirty for public static net.minecraft.block.Block com.teammetallurgy.atum.init.AtumBlocks.BONE_DIRTY. This means the object wasn't registered. It's likely just mod options.
[22:12:17] [Server thread/DEBUG] [FML]: Unable to lookup atum:bone_dirty_slab for public static net.minecraft.block.Block com.teammetallurgy.atum.init.AtumBlocks.BONE_DIRTY_SLAB. This means the object wasn't registered. It's likely just mod options.
[22:12:17] [Server thread/DEBUG] [FML]: Unable to lookup atum:pharaoh_spawn for public static net.minecraft.util.SoundEvent com.teammetallurgy.atum.init.AtumSounds.PHARAOH_SPAWN. This means the object wasn't registered. It's likely just mod options.
[22:12:17] [Server thread/DEBUG] [FML]: Unable to lookup twilightforest:highlands_center for public static net.minecraft.world.biome.Biome twilightforest.biomes.TFBiomes.highlandsCenter. This means the object wasn't registered. It's likely just mod options.
[22:12:17] [Server thread/DEBUG] [FML]: Unable to lookup twilightforest:snowy_forest for public static net.minecraft.world.biome.Biome twilightforest.biomes.TFBiomes.snowy_forest. This means the object wasn't registered. It's likely just mod options.
[22:12:17] [Server thread/DEBUG] [FML]: Unable to lookup twilightforest:fire_swamp for public static net.minecraft.world.biome.Biome twilightforest.biomes.TFBiomes.fireSwamp. This means the object wasn't registered. It's likely just mod options.
[22:12:17] [Server thread/DEBUG] [FML]: Unable to lookup twilightforest:dense_twilight_forest for public static net.minecraft.world.biome.Biome twilightforest.biomes.TFBiomes.denseTwilightForest. This means the object wasn't registered. It's likely just mod options.
[22:12:17] [Server thread/DEBUG] [FML]: Unable to lookup twilightforest:twilight_stream for public static net.minecraft.world.biome.Biome twilightforest.biomes.TFBiomes.stream. This means the object wasn't registered. It's likely just mod options.
[22:12:17] [Server thread/DEBUG] [FML]: Unable to lookup better_diving:ambient.underwater.exit for public static net.minecraft.util.SoundEvent meldexun.better_diving.init.ModSounds.UNDERWATER_EXIT. This means the object wasn't registered. It's likely just mod options.
[22:12:17] [Server thread/DEBUG] [FML]: Unable to lookup twilightforest:mushroom_forest for public static net.minecraft.world.biome.Biome twilightforest.biomes.TFBiomes.mushrooms. This means the object wasn't registered. It's likely just mod options.
[22:12:17] [Server thread/DEBUG] [FML]: Unable to lookup twilightforest:spooky_forest for public static net.minecraft.world.biome.Biome twilightforest.biomes.TFBiomes.spookyForest. This means the object wasn't registered. It's likely just mod options.
[22:12:17] [Server thread/DEBUG] [FML]: Unable to lookup twilightforest:enchanted_forest for public static net.minecraft.world.biome.Biome twilightforest.biomes.TFBiomes.enchantedForest. This means the object wasn't registered. It's likely just mod options.
[22:12:17] [Server thread/DEBUG] [FML]: Unable to lookup twilightforest:deep_mushroom_forest for public static net.minecraft.world.biome.Biome twilightforest.biomes.TFBiomes.deepMushrooms. This means the object wasn't registered. It's likely just mod options.
[22:12:17] [Server thread/DEBUG] [FML]: Unable to lookup twilightforest:twilight_glacier for public static net.minecraft.world.biome.Biome twilightforest.biomes.TFBiomes.glacier. This means the object wasn't registered. It's likely just mod options.
[22:12:17] [Server thread/DEBUG] [FML]: Unable to lookup twilightforest:dark_forest for public static net.minecraft.world.biome.Biome twilightforest.biomes.TFBiomes.darkForest. This means the object wasn't registered. It's likely just mod options.
[22:12:17] [Server thread/DEBUG] [FML]: Unable to lookup twilightforest:twilight_highlands for public static net.minecraft.world.biome.Biome twilightforest.biomes.TFBiomes.highlands. This means the object wasn't registered. It's likely just mod options.
[22:12:17] [Server thread/DEBUG] [FML]: Unable to lookup twilightforest:twilight_lake for public static net.minecraft.world.biome.Biome twilightforest.biomes.TFBiomes.tfLake. This means the object wasn't registered. It's likely just mod options.
[22:12:17] [Server thread/DEBUG] [FML]: Unable to lookup better_diving:ambient.underwater.enter for public static net.minecraft.util.SoundEvent meldexun.better_diving.init.ModSounds.UNDERWATER_ENTER. This means the object wasn't registered. It's likely just mod options.
[22:12:17] [Server thread/DEBUG] [FML]: Unable to lookup twilightforest:oak_savannah for public static net.minecraft.world.biome.Biome twilightforest.biomes.TFBiomes.oakSavanna. This means the object wasn't registered. It's likely just mod options.
[22:12:17] [Server thread/DEBUG] [FML]: Unable to lookup better_diving:ambient.underwater.loop.additions for public static net.minecraft.util.SoundEvent meldexun.better_diving.init.ModSounds.UNDERWATER_AMBIENCE_ADDITIONS. This means the object wasn't registered. It's likely just mod options.
[22:12:17] [Server thread/DEBUG] [FML]: Unable to lookup twilightforest:dark_forest_center for public static net.minecraft.world.biome.Biome twilightforest.biomes.TFBiomes.darkForestCenter. This means the object wasn't registered. It's likely just mod options.
[22:12:17] [Server thread/DEBUG] [FML]: Unable to lookup twilightforest:twilight_swamp for public static net.minecraft.world.biome.Biome twilightforest.biomes.TFBiomes.tfSwamp. This means the object wasn't registered. It's likely just mod options.
[22:12:17] [Server thread/DEBUG] [FML]: Unable to lookup better_diving:ambient.underwater.loop for public static net.minecraft.util.SoundEvent meldexun.better_diving.init.ModSounds.UNDERWATER_AMBIENCE. This means the object wasn't registered. It's likely just mod options.
[22:12:17] [Server thread/DEBUG] [FML]: Unable to lookup twilightforest:frosted for public static net.minecraft.potion.Potion twilightforest.potions.TFPotions.frosty. This means the object wasn't registered. It's likely just mod options.
[22:12:17] [Server thread/DEBUG] [FML]: Unable to lookup better_diving:ambient.underwater.loop.additions.ultra_rare for public static net.minecraft.util.SoundEvent meldexun.better_diving.init.ModSounds.UNDERWATER_AMBIENCE_ADDITIONS_ULTRA_RARE. This means the object wasn't registered. It's likely just mod options.
[22:12:17] [Server thread/DEBUG] [FML]: Unable to lookup twilightforest:thornlands for public static net.minecraft.world.biome.Biome twilightforest.biomes.TFBiomes.thornlands. This means the object wasn't registered. It's likely just mod options.
[22:12:17] [Server thread/DEBUG] [FML]: Unable to lookup quark:color_slime for public static net.minecraft.block.Block slimeknights.tconstruct.plugin.quark.QuarkPlugin.colorSlime. This means the object wasn't registered. It's likely just mod options.
[22:12:17] [Server thread/DEBUG] [FML]: Unable to lookup better_diving:ambient.underwater.loop.additions.rare for public static net.minecraft.util.SoundEvent meldexun.better_diving.init.ModSounds.UNDERWATER_AMBIENCE_ADDITIONS_RARE. This means the object wasn't registered. It's likely just mod options.
[22:12:17] [Server thread/DEBUG] [FML]: Unable to lookup twilightforest:firefly_forest for public static net.minecraft.world.biome.Biome twilightforest.biomes.TFBiomes.fireflyForest. This means the object wasn't registered. It's likely just mod options.
[22:12:17] [Server thread/DEBUG] [FML]: Unable to lookup twilightforest:twilight_clearing for public static net.minecraft.world.biome.Biome twilightforest.biomes.TFBiomes.clearing. This means the object wasn't registered. It's likely just mod options.
[22:12:17] [Server thread/DEBUG] [FML]: Unable to lookup twilightforest:twilight_forest for public static net.minecraft.world.biome.Biome twilightforest.biomes.TFBiomes.twilightForest. This means the object wasn't registered. It's likely just mod options.
[22:12:17] [Server thread/INFO] [FML]: Holder lookups applied
[22:12:17] [Server thread/TRACE] [FML]: Automatically registered mod tconstruct entity tconstruct.blueslime as tconstruct:blueslime
[22:12:17] [Server thread/TRACE] [FML]: Automatically registered mod tconstruct entity Indestructible Item as tconstruct:indestructible
[22:12:17] [Server thread/TRACE] [FML]: Automatically registered mod tconstruct entity arrow as tconstruct:arrow
[22:12:17] [Server thread/TRACE] [FML]: Automatically registered mod tconstruct entity bolt as tconstruct:bolt
[22:12:17] [Server thread/TRACE] [FML]: Automatically registered mod tconstruct entity shuriken as tconstruct:shuriken
[22:12:17] [Server thread/TRACE] [FML]: Automatically registered mod tconstruct entity Fancy Item Frame as tconstruct:fancy_frame
[22:12:17] [Server thread/TRACE] [FML]: Automatically registered mod tconstruct entity Throwball as tconstruct:throwball
[22:12:17] [Server thread/INFO] [FML]: Applying holder lookups
[22:12:17] [Server thread/DEBUG] [FML]: Unable to lookup atum:bandit_warlord for public static net.minecraftforge.fml.common.registry.EntityEntry com.teammetallurgy.atum.init.AtumEntities.BANDIT_WARLORD. This means the object wasn't registered. It's likely just mod options.
[22:12:17] [Server thread/DEBUG] [FML]: Unable to lookup atum:rabbit for public static net.minecraftforge.fml.common.registry.EntityEntry com.teammetallurgy.atum.init.AtumEntities.RABBIT. This means the object wasn't registered. It's likely just mod options.
[22:12:17] [Server thread/DEBUG] [FML]: Unable to lookup atum:double_shot_black for public static net.minecraftforge.fml.common.registry.EntityEntry com.teammetallurgy.atum.init.AtumEntities.DOUBLE_SHOT_BLACK. This means the object wasn't registered. It's likely just mod options.
[22:12:17] [Server thread/DEBUG] [FML]: Unable to lookup atum:double_shot_white for public static net.minecraftforge.fml.common.registry.EntityEntry com.teammetallurgy.atum.init.AtumEntities.DOUBLE_SHOT_WHITE. This means the object wasn't registered. It's likely just mod options.
[22:12:17] [Server thread/DEBUG] [FML]: Unable to lookup atum:explosive_arrow for public static net.minecraftforge.fml.common.registry.EntityEntry com.teammetallurgy.atum.init.AtumEntities.EXPLOSIVE_ARROW. This means the object wasn't registered. It's likely just mod options.
[22:12:17] [Server thread/DEBUG] [FML]: Unable to lookup atum:fire_arrow for public static net.minecraftforge.fml.common.registry.EntityEntry com.teammetallurgy.atum.init.AtumEntities.FIRE_ARROW. This means the object wasn't registered. It's likely just mod options.
[22:12:17] [Server thread/DEBUG] [FML]: Unable to lookup atum:poison_arrow for public static net.minecraftforge.fml.common.registry.EntityEntry com.teammetallurgy.atum.init.AtumEntities.POISON_ARROW. This means the object wasn't registered. It's likely just mod options.
[22:12:17] [Server thread/DEBUG] [FML]: Unable to lookup atum:quickdraw_arrow for public static net.minecraftforge.fml.common.registry.EntityEntry com.teammetallurgy.atum.init.AtumEntities.QUICKDRAW_ARROW. This means the object wasn't registered. It's likely just mod options.
[22:12:17] [Server thread/DEBUG] [FML]: Unable to lookup atum:rain_arrow for public static net.minecraftforge.fml.common.registry.EntityEntry com.teammetallurgy.atum.init.AtumEntities.RAIN_ARROW. This means the object wasn't registered. It's likely just mod options.
[22:12:17] [Server thread/DEBUG] [FML]: Unable to lookup atum:slowness_arrow for public static net.minecraftforge.fml.common.registry.EntityEntry com.teammetallurgy.atum.init.AtumEntities.SLOWNESS_ARROW. This means the object wasn't registered. It's likely just mod options.
[22:12:17] [Server thread/DEBUG] [FML]: Unable to lookup atum:straight_arrow for public static net.minecraftforge.fml.common.registry.EntityEntry com.teammetallurgy.atum.init.AtumEntities.STRAIGHT_ARROW. This means the object wasn't registered. It's likely just mod options.
[22:12:17] [Server thread/DEBUG] [FML]: Unable to lookup atum:dust_bone_stick for public static net.minecraft.item.Item com.teammetallurgy.atum.init.AtumItems.DUST_BONE_STICK. This means the object wasn't registered. It's likely just mod options.
[22:12:17] [Server thread/DEBUG] [FML]: Unable to lookup atum:dirty_coin for public static net.minecraft.item.Item com.teammetallurgy.atum.init.AtumItems.DIRTY_COIN. This means the object wasn't registered. It's likely just mod options.
[22:12:17] [Server thread/DEBUG] [FML]: Unable to lookup atum:gold_coin for public static net.minecraft.item.Item com.teammetallurgy.atum.init.AtumItems.GOLD_COIN. This means the object wasn't registered. It's likely just mod options.
[22:12:17] [Server thread/DEBUG] [FML]: Unable to lookup atum:dagger_iron for public static net.minecraft.item.Item com.teammetallurgy.atum.init.AtumItems.DAGGER_IRON. This means the object wasn't registered. It's likely just mod options.
[22:12:17] [Server thread/DEBUG] [FML]: Unable to lookup atum:poison_dagger for public static net.minecraft.item.Item com.teammetallurgy.atum.init.AtumItems.POISON_DAGGER. This means the object wasn't registered. It's likely just mod options.
[22:12:17] [Server thread/DEBUG] [FML]: Unable to lookup atum:scimitar_iron for public static net.minecraft.item.Item com.teammetallurgy.atum.init.AtumItems.SCIMITAR_IRON. This means the object wasn't registered. It's likely just mod options.
[22:12:17] [Server thread/DEBUG] [FML]: Unable to lookup atum:greatsword_iron for public static net.minecraft.item.Item com.teammetallurgy.atum.init.AtumItems.GREATSWORD_IRON. This means the object wasn't registered. It's likely just mod options.
[22:12:17] [Server thread/DEBUG] [FML]: Unable to lookup atum:club_iron for public static net.minecraft.item.Item com.teammetallurgy.atum.init.AtumItems.CLUB_IRON. This means the object wasn't registered. It's likely just mod options.
[22:12:17] [Server thread/DEBUG] [FML]: Unable to lookup atum:khopesh_iron for public static net.minecraft.item.Item com.teammetallurgy.atum.init.AtumItems.KHOPESH_IRON. This means the object wasn't registered. It's likely just mod options.
[22:12:17] [Server thread/DEBUG] [FML]: Unable to lookup atum:thoths_bearings for public static com.teammetallurgy.atum.items.artifacts.thoth.ItemThothsBearings com.teammetallurgy.atum.init.AtumItems.THOTHS_BEARINGS. This means the object wasn't registered. It's likely just mod options.
[22:12:17] [Server thread/DEBUG] [FML]: Unable to lookup atum:thoths_direction for public static net.minecraft.item.Item com.teammetallurgy.atum.init.AtumItems.THOTHS_DIRECTION. This means the object wasn't registered. It's likely just mod options.
[22:12:17] [Server thread/DEBUG] [FML]: Unable to lookup atum:anubis_mercy for public static net.minecraft.item.Item com.teammetallurgy.atum.init.AtumItems.ANUBIS_MERCY. This means the object wasn't registered. It's likely just mod options.
[22:12:17] [Server thread/DEBUG] [FML]: Unable to lookup atum:anubis_wrath for public static net.minecraft.item.Item com.teammetallurgy.atum.init.AtumItems.ANUBIS_WRATH. This means the object wasn't registered. It's likely just mod options.
[22:12:17] [Server thread/DEBUG] [FML]: Unable to lookup atum:scrap for public static net.minecraft.item.Item com.teammetallurgy.atum.init.AtumItems.SCRAP. This means the object wasn't registered. It's likely just mod options.
[22:12:17] [Server thread/DEBUG] [FML]: Unable to lookup atum:enchanted_golden_date for public static net.minecraft.item.Item com.teammetallurgy.atum.init.AtumItems.ENCHANTED_GOLDEN_DATE. This means the object wasn't registered. It's likely just mod options.
[22:12:17] [Server thread/DEBUG] [FML]: Unable to lookup atum:forsaken_fish for public static net.minecraft.item.Item com.teammetallurgy.atum.init.AtumItems.FORSAKEN_FISH. This means the object wasn't registered. It's likely just mod options.
[22:12:17] [Server thread/DEBUG] [FML]: Unable to lookup atum:mummified_fish for public static net.minecraft.item.Item com.teammetallurgy.atum.init.AtumItems.MUMMIFIED_FISH. This means the object wasn't registered. It's likely just mod options.
[22:12:17] [Server thread/DEBUG] [FML]: Unable to lookup atum:jeweled_fish for public static net.minecraft.item.Item com.teammetallurgy.atum.init.AtumItems.JEWELED_FISH. This means the object wasn't registered. It's likely just mod options.
[22:12:17] [Server thread/DEBUG] [FML]: Unable to lookup atum:skeletal_fish for public static net.minecraft.item.Item com.teammetallurgy.atum.init.AtumItems.SKELETAL_FISH. This means the object wasn't registered. It's likely just mod options.
[22:12:17] [Server thread/DEBUG] [FML]: Unable to lookup atum:crunchy_gold_scarab for public static net.minecraft.item.Item com.teammetallurgy.atum.init.AtumItems.CRUNCHY_GOLD_SCARAB. This means the object wasn't registered. It's likely just mod options.
[22:12:17] [Server thread/DEBUG] [FML]: Unable to lookup atum:smooth_limestone_slab for public static net.minecraft.block.Block com.teammetallurgy.atum.init.AtumBlocks.SMOOTH_LIMESTONE_SLAB. This means the object wasn't registered. It's likely just mod options.
[22:12:17] [Server thread/DEBUG] [FML]: Unable to lookup atum:cracked_limestone_slab for public static net.minecraft.block.Block com.teammetallurgy.atum.init.AtumBlocks.CRACKED_LIMESTONE_SLAB. This means the object wasn't registered. It's likely just mod options.
[22:12:17] [Server thread/DEBUG] [FML]: Unable to lookup atum:sand_layered for public static net.minecraft.block.Block com.teammetallurgy.atum.init.AtumBlocks.SAND_LAYERED. This means the object wasn't registered. It's likely just mod options.
[22:12:17] [Server thread/DEBUG] [FML]: Unable to lookup atum:flax for public static net.minecraft.block.Block com.teammetallurgy.atum.init.AtumBlocks.FLAX. This means the object wasn't registered. It's likely just mod options.
[22:12:17] [Server thread/DEBUG] [FML]: Unable to lookup atum:bone_dirty for public static net.minecraft.block.Block com.teammetallurgy.atum.init.AtumBlocks.BONE_DIRTY. This means the object wasn't registered. It's likely just mod options.
[22:12:17] [Server thread/DEBUG] [FML]: Unable to lookup atum:bone_dirty_slab for public static net.minecraft.block.Block com.teammetallurgy.atum.init.AtumBlocks.BONE_DIRTY_SLAB. This means the object wasn't registered. It's likely just mod options.
[22:12:17] [Server thread/DEBUG] [FML]: Unable to lookup atum:pharaoh_spawn for public static net.minecraft.util.SoundEvent com.teammetallurgy.atum.init.AtumSounds.PHARAOH_SPAWN. This means the object wasn't registered. It's likely just mod options.
[22:12:17] [Server thread/DEBUG] [FML]: Unable to lookup quark:color_slime for public static net.minecraft.block.Block slimeknights.tconstruct.plugin.quark.QuarkPlugin.colorSlime. This means the object wasn't registered. It's likely just mod options.
[22:12:17] [Server thread/INFO] [FML]: Holder lookups applied
[22:12:17] [Server thread/INFO] [FML]: Applying holder lookups
[22:12:17] [Server thread/DEBUG] [FML]: Unable to lookup atum:bandit_warlord for public static net.minecraftforge.fml.common.registry.EntityEntry com.teammetallurgy.atum.init.AtumEntities.BANDIT_WARLORD. This means the object wasn't registered. It's likely just mod options.
[22:12:17] [Server thread/DEBUG] [FML]: Unable to lookup atum:rabbit for public static net.minecraftforge.fml.common.registry.EntityEntry com.teammetallurgy.atum.init.AtumEntities.RABBIT. This means the object wasn't registered. It's likely just mod options.
[22:12:17] [Server thread/DEBUG] [FML]: Unable to lookup atum:double_shot_black for public static net.minecraftforge.fml.common.registry.EntityEntry com.teammetallurgy.atum.init.AtumEntities.DOUBLE_SHOT_BLACK. This means the object wasn't registered. It's likely just mod options.
[22:12:17] [Server thread/DEBUG] [FML]: Unable to lookup atum:double_shot_white for public static net.minecraftforge.fml.common.registry.EntityEntry com.teammetallurgy.atum.init.AtumEntities.DOUBLE_SHOT_WHITE. This means the object wasn't registered. It's likely just mod options.
[22:12:17] [Server thread/DEBUG] [FML]: Unable to lookup atum:explosive_arrow for public static net.minecraftforge.fml.common.registry.EntityEntry com.teammetallurgy.atum.init.AtumEntities.EXPLOSIVE_ARROW. This means the object wasn't registered. It's likely just mod options.
[22:12:17] [Server thread/DEBUG] [FML]: Unable to lookup atum:fire_arrow for public static net.minecraftforge.fml.common.registry.EntityEntry com.teammetallurgy.atum.init.AtumEntities.FIRE_ARROW. This means the object wasn't registered. It's likely just mod options.
[22:12:17] [Server thread/DEBUG] [FML]: Unable to lookup atum:poison_arrow for public static net.minecraftforge.fml.common.registry.EntityEntry com.teammetallurgy.atum.init.AtumEntities.POISON_ARROW. This means the object wasn't registered. It's likely just mod options.
[22:12:17] [Server thread/DEBUG] [FML]: Unable to lookup atum:quickdraw_arrow for public static net.minecraftforge.fml.common.registry.EntityEntry com.teammetallurgy.atum.init.AtumEntities.QUICKDRAW_ARROW. This means the object wasn't registered. It's likely just mod options.
[22:12:17] [Server thread/DEBUG] [FML]: Unable to lookup atum:rain_arrow for public static net.minecraftforge.fml.common.registry.EntityEntry com.teammetallurgy.atum.init.AtumEntities.RAIN_ARROW. This means the object wasn't registered. It's likely just mod options.
[22:12:17] [Server thread/DEBUG] [FML]: Unable to lookup atum:slowness_arrow for public static net.minecraftforge.fml.common.registry.EntityEntry com.teammetallurgy.atum.init.AtumEntities.SLOWNESS_ARROW. This means the object wasn't registered. It's likely just mod options.
[22:12:17] [Server thread/DEBUG] [FML]: Unable to lookup atum:straight_arrow for public static net.minecraftforge.fml.common.registry.EntityEntry com.teammetallurgy.atum.init.AtumEntities.STRAIGHT_ARROW. This means the object wasn't registered. It's likely just mod options.
[22:12:17] [Server thread/DEBUG] [FML]: Unable to lookup atum:dust_bone_stick for public static net.minecraft.item.Item com.teammetallurgy.atum.init.AtumItems.DUST_BONE_STICK. This means the object wasn't registered. It's likely just mod options.
[22:12:17] [Server thread/DEBUG] [FML]: Unable to lookup atum:dirty_coin for public static net.minecraft.item.Item com.teammetallurgy.atum.init.AtumItems.DIRTY_COIN. This means the object wasn't registered. It's likely just mod options.
[22:12:17] [Server thread/DEBUG] [FML]: Unable to lookup atum:gold_coin for public static net.minecraft.item.Item com.teammetallurgy.atum.init.AtumItems.GOLD_COIN. This means the object wasn't registered. It's likely just mod options.
[22:12:17] [Server thread/DEBUG] [FML]: Unable to lookup atum:dagger_iron for public static net.minecraft.item.Item com.teammetallurgy.atum.init.AtumItems.DAGGER_IRON. This means the object wasn't registered. It's likely just mod options.
[22:12:17] [Server thread/DEBUG] [FML]: Unable to lookup atum:poison_dagger for public static net.minecraft.item.Item com.teammetallurgy.atum.init.AtumItems.POISON_DAGGER. This means the object wasn't registered. It's likely just mod options.
[22:12:17] [Server thread/DEBUG] [FML]: Unable to lookup atum:scimitar_iron for public static net.minecraft.item.Item com.teammetallurgy.atum.init.AtumItems.SCIMITAR_IRON. This means the object wasn't registered. It's likely just mod options.
[22:12:17] [Server thread/DEBUG] [FML]: Unable to lookup atum:greatsword_iron for public static net.minecraft.item.Item com.teammetallurgy.atum.init.AtumItems.GREATSWORD_IRON. This means the object wasn't registered. It's likely just mod options.
[22:12:17] [Server thread/DEBUG] [FML]: Unable to lookup atum:club_iron for public static net.minecraft.item.Item com.teammetallurgy.atum.init.AtumItems.CLUB_IRON. This means the object wasn't registered. It's likely just mod options.
[22:12:17] [Server thread/DEBUG] [FML]: Unable to lookup atum:khopesh_iron for public static net.minecraft.item.Item com.teammetallurgy.atum.init.AtumItems.KHOPESH_IRON. This means the object wasn't registered. It's likely just mod options.
[22:12:17] [Server thread/DEBUG] [FML]: Unable to lookup atum:thoths_bearings for public static com.teammetallurgy.atum.items.artifacts.thoth.ItemThothsBearings com.teammetallurgy.atum.init.AtumItems.THOTHS_BEARINGS. This means the object wasn't registered. It's likely just mod options.
[22:12:17] [Server thread/DEBUG] [FML]: Unable to lookup atum:thoths_direction for public static net.minecraft.item.Item com.teammetallurgy.atum.init.AtumItems.THOTHS_DIRECTION. This means the object wasn't registered. It's likely just mod options.
[22:12:17] [Server thread/DEBUG] [FML]: Unable to lookup atum:anubis_mercy for public static net.minecraft.item.Item com.teammetallurgy.atum.init.AtumItems.ANUBIS_MERCY. This means the object wasn't registered. It's likely just mod options.
[22:12:17] [Server thread/DEBUG] [FML]: Unable to lookup atum:anubis_wrath for public static net.minecraft.item.Item com.teammetallurgy.atum.init.AtumItems.ANUBIS_WRATH. This means the object wasn't registered. It's likely just mod options.
[22:12:17] [Server thread/DEBUG] [FML]: Unable to lookup atum:scrap for public static net.minecraft.item.Item com.teammetallurgy.atum.init.AtumItems.SCRAP. This means the object wasn't registered. It's likely just mod options.
[22:12:17] [Server thread/DEBUG] [FML]: Unable to lookup atum:enchanted_golden_date for public static net.minecraft.item.Item com.teammetallurgy.atum.init.AtumItems.ENCHANTED_GOLDEN_DATE. This means the object wasn't registered. It's likely just mod options.
[22:12:17] [Server thread/DEBUG] [FML]: Unable to lookup atum:forsaken_fish for public static net.minecraft.item.Item com.teammetallurgy.atum.init.AtumItems.FORSAKEN_FISH. This means the object wasn't registered. It's likely just mod options.
[22:12:17] [Server thread/DEBUG] [FML]: Unable to lookup atum:mummified_fish for public static net.minecraft.item.Item com.teammetallurgy.atum.init.AtumItems.MUMMIFIED_FISH. This means the object wasn't registered. It's likely just mod options.
[22:12:17] [Server thread/DEBUG] [FML]: Unable to lookup atum:jeweled_fish for public static net.minecraft.item.Item com.teammetallurgy.atum.init.AtumItems.JEWELED_FISH. This means the object wasn't registered. It's likely just mod options.
[22:12:17] [Server thread/DEBUG] [FML]: Unable to lookup atum:skeletal_fish for public static net.minecraft.item.Item com.teammetallurgy.atum.init.AtumItems.SKELETAL_FISH. This means the object wasn't registered. It's likely just mod options.
[22:12:17] [Server thread/DEBUG] [FML]: Unable to lookup atum:crunchy_gold_scarab for public static net.minecraft.item.Item com.teammetallurgy.atum.init.AtumItems.CRUNCHY_GOLD_SCARAB. This means the object wasn't registered. It's likely just mod options.
[22:12:17] [Server thread/DEBUG] [FML]: Unable to lookup atum:smooth_limestone_slab for public static net.minecraft.block.Block com.teammetallurgy.atum.init.AtumBlocks.SMOOTH_LIMESTONE_SLAB. This means the object wasn't registered. It's likely just mod options.
[22:12:17] [Server thread/DEBUG] [FML]: Unable to lookup atum:cracked_limestone_slab for public static net.minecraft.block.Block com.teammetallurgy.atum.init.AtumBlocks.CRACKED_LIMESTONE_SLAB. This means the object wasn't registered. It's likely just mod options.
[22:12:17] [Server thread/DEBUG] [FML]: Unable to lookup atum:sand_layered for public static net.minecraft.block.Block com.teammetallurgy.atum.init.AtumBlocks.SAND_LAYERED. This means the object wasn't registered. It's likely just mod options.
[22:12:17] [Server thread/DEBUG] [FML]: Unable to lookup atum:flax for public static net.minecraft.block.Block com.teammetallurgy.atum.init.AtumBlocks.FLAX. This means the object wasn't registered. It's likely just mod options.
[22:12:17] [Server thread/DEBUG] [FML]: Unable to lookup atum:bone_dirty for public static net.minecraft.block.Block com.teammetallurgy.atum.init.AtumBlocks.BONE_DIRTY. This means the object wasn't registered. It's likely just mod options.
[22:12:17] [Server thread/DEBUG] [FML]: Unable to lookup atum:bone_dirty_slab for public static net.minecraft.block.Block com.teammetallurgy.atum.init.AtumBlocks.BONE_DIRTY_SLAB. This means the object wasn't registered. It's likely just mod options.
[22:12:17] [Server thread/DEBUG] [FML]: Unable to lookup atum:pharaoh_spawn for public static net.minecraft.util.SoundEvent com.teammetallurgy.atum.init.AtumSounds.PHARAOH_SPAWN. This means the object wasn't registered. It's likely just mod options.
[22:12:17] [Server thread/DEBUG] [FML]: Unable to lookup quark:color_slime for public static net.minecraft.block.Block slimeknights.tconstruct.plugin.quark.QuarkPlugin.colorSlime. This means the object wasn't registered. It's likely just mod options.
[22:12:17] [Server thread/INFO] [FML]: Holder lookups applied
[22:12:17] [Server thread/INFO] [FML]: Injecting itemstacks
[22:12:17] [Server thread/INFO] [FML]: Itemstack injection complete
[22:12:17] [Server thread/INFO] [net.minecraft.server.dedicated.DedicatedServer]: Loading properties
[22:12:17] [Server thread/INFO] [net.minecraft.server.dedicated.DedicatedServer]: Default game type: SURVIVAL
[22:12:17] [Server thread/INFO] [net.minecraft.server.dedicated.DedicatedServer]: Generating keypair
[22:12:17] [Server thread/INFO] [net.minecraft.server.dedicated.DedicatedServer]: Starting Minecraft server on *:25565
[22:12:17] [Server thread/INFO] [net.minecraft.network.NetworkSystem]: Using epoll channel type
[22:12:17] [Server thread/WARN] [net.minecraft.server.dedicated.DedicatedServer]: **** FAILED TO BIND TO PORT!
[22:12:17] [Server thread/WARN] [net.minecraft.server.dedicated.DedicatedServer]: The exception was: io.netty.channel.unix.Errors$NativeIoException: bind(..) failed: Address already in use
[22:12:17] [Server thread/WARN] [net.minecraft.server.dedicated.DedicatedServer]: Perhaps a server is already running on that port?
[22:12:17] [Server thread/INFO] [net.minecraft.server.MinecraftServer]: Stopping server
[22:12:17] [Server thread/INFO] [net.minecraft.server.MinecraftServer]: Saving worlds
[22:12:17] [Server thread/TRACE] [FML]: Sending event FMLServerStoppedEvent to mod minecraft
[22:12:17] [Server thread/TRACE] [FML]: Sent event FMLServerStoppedEvent to mod minecraft
[22:12:17] [Server thread/DEBUG] [FML]: Bar Step: ServerStopped - Minecraft took 0.000s
[22:12:17] [Server thread/TRACE] [FML]: Sending event FMLServerStoppedEvent to mod mcp
[22:12:17] [Server thread/TRACE] [FML]: Sent event FMLServerStoppedEvent to mod mcp
[22:12:17] [Server thread/DEBUG] [FML]: Bar Step: ServerStopped - Minecraft Coder Pack took 0.000s
[22:12:17] [Server thread/TRACE] [FML]: Sending event FMLServerStoppedEvent to mod FML
[22:12:17] [Server thread/TRACE] [FML]: Sent event FMLServerStoppedEvent to mod FML
[22:12:17] [Server thread/DEBUG] [FML]: Bar Step: ServerStopped - Forge Mod Loader took 0.000s
[22:12:17] [Server thread/TRACE] [FML]: Sending event FMLServerStoppedEvent to mod forge
[22:12:17] [Server thread/TRACE] [FML]: Sent event FMLServerStoppedEvent to mod forge
[22:12:17] [Server thread/DEBUG] [FML]: Bar Step: ServerStopped - Minecraft Forge took 0.000s
[22:12:17] [Server thread/TRACE] [FML]: Sending event FMLServerStoppedEvent to mod abyssaldepths
[22:12:17] [Server thread/TRACE] [FML]: Sent event FMLServerStoppedEvent to mod abyssaldepths
[22:12:17] [Server thread/DEBUG] [FML]: Bar Step: ServerStopped - Abyssal Depths took 0.000s
[22:12:17] [Server thread/TRACE] [FML]: Sending event FMLServerStoppedEvent to mod aether_legacy
[22:12:17] [Server thread/TRACE] [FML]: Sent event FMLServerStoppedEvent to mod aether_legacy
[22:12:17] [Server thread/DEBUG] [FML]: Bar Step: ServerStopped - The Aether took 0.000s
[22:12:17] [Server thread/TRACE] [FML]: Sending event FMLServerStoppedEvent to mod aquaculture
[22:12:17] [Server thread/TRACE] [FML]: Sent event FMLServerStoppedEvent to mod aquaculture
[22:12:17] [Server thread/DEBUG] [FML]: Bar Step: ServerStopped - Aquaculture took 0.000s
[22:12:17] [Server thread/TRACE] [FML]: Sending event FMLServerStoppedEvent to mod mantle
[22:12:17] [Server thread/TRACE] [FML]: Sent event FMLServerStoppedEvent to mod mantle
[22:12:17] [Server thread/DEBUG] [FML]: Bar Step: ServerStopped - Mantle took 0.000s
[22:12:17] [Server thread/TRACE] [FML]: Sending event FMLServerStoppedEvent to mod jei
[22:12:17] [Server thread/TRACE] [FML]: Sent event FMLServerStoppedEvent to mod jei
[22:12:17] [Server thread/DEBUG] [FML]: Bar Step: ServerStopped - Just Enough Items took 0.000s
[22:12:17] [Server thread/TRACE] [FML]: Sending event FMLServerStoppedEvent to mod twilightforest
[22:12:17] [Server thread/TRACE] [FML]: Sent event FMLServerStoppedEvent to mod twilightforest
[22:12:17] [Server thread/DEBUG] [FML]: Bar Step: ServerStopped - The Twilight Forest took 0.001s
[22:12:17] [Server thread/TRACE] [FML]: Sending event FMLServerStoppedEvent to mod tconstruct
[22:12:17] [Server thread/TRACE] [FML]: Sent event FMLServerStoppedEvent to mod tconstruct
[22:12:17] [Server thread/DEBUG] [FML]: Bar Step: ServerStopped - Tinkers' Construct took 0.000s
[22:12:17] [Server thread/TRACE] [FML]: Sending event FMLServerStoppedEvent to mod conarm
[22:12:17] [Server thread/TRACE] [FML]: Sent event FMLServerStoppedEvent to mod conarm
[22:12:17] [Server thread/DEBUG] [FML]: Bar Step: ServerStopped - Construct's Armory took 0.000s
[22:12:17] [Server thread/TRACE] [FML]: Sending event FMLServerStoppedEvent to mod armoryexpansion
[22:12:17] [Server thread/TRACE] [FML]: Sent event FMLServerStoppedEvent to mod armoryexpansion
[22:12:17] [Server thread/DEBUG] [FML]: Bar Step: ServerStopped - Armory Expansion took 0.000s
[22:12:17] [Server thread/TRACE] [FML]: Sending event FMLServerStoppedEvent to mod armoryexpansion-custommaterials
[22:12:17] [Server thread/TRACE] [FML]: Sent event FMLServerStoppedEvent to mod armoryexpansion-custommaterials
[22:12:17] [Server thread/DEBUG] [FML]: Bar Step: ServerStopped - Armory Expansion - Custom Materials took 0.000s
[22:12:17] [Server thread/TRACE] [FML]: Sending event FMLServerStoppedEvent to mod armoryexpansion-iceandfire
[22:12:17] [Server thread/TRACE] [FML]: Sent event FMLServerStoppedEvent to mod armoryexpansion-iceandfire
[22:12:17] [Server thread/DEBUG] [FML]: Bar Step: ServerStopped - Armory Expansion - Ice and Fire took 0.000s
[22:12:17] [Server thread/TRACE] [FML]: Sending event FMLServerStoppedEvent to mod armoryexpansion-matteroverdrive
[22:12:17] [Server thread/TRACE] [FML]: Sent event FMLServerStoppedEvent to mod armoryexpansion-matteroverdrive
[22:12:17] [Server thread/DEBUG] [FML]: Bar Step: ServerStopped - Armory Expansion - MatterOverdrive took 0.000s
[22:12:17] [Server thread/TRACE] [FML]: Sending event FMLServerStoppedEvent to mod baubles
[22:12:17] [Server thread/TRACE] [FML]: Sent event FMLServerStoppedEvent to mod baubles
[22:12:17] [Server thread/DEBUG] [FML]: Bar Step: ServerStopped - Baubles took 0.000s
[22:12:17] [Server thread/TRACE] [FML]: Sending event FMLServerStoppedEvent to mod atum
[22:12:17] [Server thread/TRACE] [FML]: Sent event FMLServerStoppedEvent to mod atum
[22:12:17] [Server thread/DEBUG] [FML]: Bar Step: ServerStopped - Atum 2 took 0.000s
[22:12:17] [Server thread/TRACE] [FML]: Sending event FMLServerStoppedEvent to mod backpack
[22:12:17] [Server thread/TRACE] [FML]: Sent event FMLServerStoppedEvent to mod backpack
[22:12:17] [Server thread/DEBUG] [FML]: Bar Step: ServerStopped - Backpack took 0.000s
[22:12:17] [Server thread/TRACE] [FML]: Sending event FMLServerStoppedEvent to mod better_diving
[22:12:17] [Server thread/TRACE] [FML]: Sent event FMLServerStoppedEvent to mod better_diving
[22:12:17] [Server thread/DEBUG] [FML]: Bar Step: ServerStopped - Better Diving took 0.000s
[22:12:17] [Server thread/TRACE] [FML]: Sending event FMLServerStoppedEvent to mod coralreef
[22:12:17] [Server thread/TRACE] [FML]: Sent event FMLServerStoppedEvent to mod coralreef
[22:12:17] [Server thread/DEBUG] [FML]: Bar Step: ServerStopped - Coralreef took 0.000s
[22:12:17] [Server thread/TRACE] [FML]: Sending event FMLServerStoppedEvent to mod cosmeticarmorreworked
[22:12:17] [Server thread/TRACE] [FML]: Sent event FMLServerStoppedEvent to mod cosmeticarmorreworked
[22:12:17] [Server thread/DEBUG] [FML]: Bar Step: ServerStopped - CosmeticArmorReworked took 0.000s
[22:12:17] [Server thread/TRACE] [FML]: Sending event FMLServerStoppedEvent to mod dldungeonsjbg
[22:12:17] [Server thread/TRACE] [FML]: Sent event FMLServerStoppedEvent to mod dldungeonsjbg
[22:12:17] [Server thread/DEBUG] [FML]: Bar Step: ServerStopped - Doomlike Dungeons took 0.000s
[22:12:17] [Server thread/TRACE] [FML]: Sending event FMLServerStoppedEvent to mod dungeontactics
[22:12:17] [Server thread/TRACE] [FML]: Sent event FMLServerStoppedEvent to mod dungeontactics
[22:12:17] [Server thread/DEBUG] [FML]: Bar Step: ServerStopped - DungeonTactics took 0.000s
[22:12:17] [Server thread/TRACE] [FML]: Sending event FMLServerStoppedEvent to mod gottschcore
[22:12:17] [Server thread/TRACE] [FML]: Sent event FMLServerStoppedEvent to mod gottschcore
[22:12:17] [Server thread/DEBUG] [FML]: Bar Step: ServerStopped - GottschCore took 0.000s
[22:12:17] [Server thread/TRACE] [FML]: Sending event FMLServerStoppedEvent to mod gravestone
[22:12:17] [Server thread/TRACE] [FML]: Sent event FMLServerStoppedEvent to mod gravestone
[22:12:17] [Server thread/DEBUG] [FML]: Bar Step: ServerStopped - Gravestone Mod took 0.000s
[22:12:17] [Server thread/TRACE] [FML]: Sending event FMLServerStoppedEvent to mod inventorytweaks
[22:12:17] [Server thread/TRACE] [FML]: Sent event FMLServerStoppedEvent to mod inventorytweaks
[22:12:17] [Server thread/DEBUG] [FML]: Bar Step: ServerStopped - Inventory Tweaks took 0.000s
[22:12:17] [Server thread/TRACE] [FML]: Sending event FMLServerStoppedEvent to mod journeymap
[22:12:17] [Server thread/TRACE] [FML]: Sent event FMLServerStoppedEvent to mod journeymap
[22:12:17] [Server thread/DEBUG] [FML]: Bar Step: ServerStopped - JourneyMap took 0.000s
[22:12:17] [Server thread/TRACE] [FML]: Sending event FMLServerStoppedEvent to mod levelup2
[22:12:17] [Server thread/TRACE] [FML]: Sent event FMLServerStoppedEvent to mod levelup2
[22:12:17] [Server thread/DEBUG] [FML]: Bar Step: ServerStopped - Level Up! Reloaded took 0.000s
[22:12:17] [Server thread/TRACE] [FML]: Sending event FMLServerStoppedEvent to mod mca
[22:12:17] [Server thread/TRACE] [FML]: Sent event FMLServerStoppedEvent to mod mca
[22:12:17] [Server thread/DEBUG] [FML]: Bar Step: ServerStopped - Minecraft Comes Alive took 0.000s
[22:12:17] [Server thread/TRACE] [FML]: Sending event FMLServerStoppedEvent to mod roguelike
[22:12:17] [Server thread/TRACE] [FML]: Sent event FMLServerStoppedEvent to mod roguelike
[22:12:17] [Server thread/DEBUG] [FML]: Bar Step: ServerStopped - Roguelike Dungeons took 0.000s
[22:12:17] [Server thread/TRACE] [FML]: Sending event FMLServerStoppedEvent to mod ruins
[22:12:17] [Server thread/TRACE] [FML]: Sent event FMLServerStoppedEvent to mod ruins
[22:12:17] [Server thread/DEBUG] [FML]: Bar Step: ServerStopped - Ruins Mod took 0.000s
[22:12:17] [Server thread/TRACE] [FML]: Sending event FMLServerStoppedEvent to mod signpost
[22:12:17] [Server thread/TRACE] [FML]: Sent event FMLServerStoppedEvent to mod signpost
[22:12:17] [Server thread/DEBUG] [FML]: Bar Step: ServerStopped - Signpost took 0.000s
[22:12:17] [Server thread/TRACE] [FML]: Sending event FMLServerStoppedEvent to mod lteleporters
[22:12:17] [Server thread/TRACE] [FML]: Sent event FMLServerStoppedEvent to mod lteleporters
[22:12:17] [Server thread/DEBUG] [FML]: Bar Step: ServerStopped - Simple Teleporters took 0.000s
[22:12:17] [Server thread/TRACE] [FML]: Sending event FMLServerStoppedEvent to mod spartanshields
[22:12:17] [Server thread/TRACE] [FML]: Sent event FMLServerStoppedEvent to mod spartanshields
[22:12:17] [Server thread/DEBUG] [FML]: Bar Step: ServerStopped - Spartan Shields took 0.000s
[22:12:17] [Server thread/TRACE] [FML]: Sending event FMLServerStoppedEvent to mod specialmobs
[22:12:17] [Server thread/TRACE] [FML]: Sent event FMLServerStoppedEvent to mod specialmobs
[22:12:17] [Server thread/DEBUG] [FML]: Bar Step: ServerStopped - Special Mobs took 0.000s
[22:12:17] [Server thread/TRACE] [FML]: Sending event FMLServerStoppedEvent to mod treasure2
[22:12:17] [Server thread/TRACE] [FML]: Sent event FMLServerStoppedEvent to mod treasure2
[22:12:17] [Server thread/DEBUG] [FML]: Bar Step: ServerStopped - Treasure2! took 0.000s
[22:12:17] [Server thread/TRACE] [FML]: Sending event FMLServerStoppedEvent to mod armoryexpansion-conarm
[22:12:17] [Server thread/TRACE] [FML]: Sent event FMLServerStoppedEvent to mod armoryexpansion-conarm
[22:12:17] [Server thread/DEBUG] [FML]: Bar Step: ServerStopped - Armory Expansion - Construct's Armory took 0.000s
[22:12:17] [Server thread/DEBUG] [FML]: Bar Finished: ServerStopped took 0.008s
[22:12:17] [Server thread/INFO] [FML]: The state engine was in incorrect state POSTINITIALIZATION and forced into state SERVER_STOPPED. Errors may have been discarded.
[22:12:17] [Server Shutdown Thread/INFO] [net.minecraft.server.MinecraftServer]: Stopping server
[22:12:17] [Server Shutdown Thread/INFO] [net.minecraft.server.MinecraftServer]: Saving worlds
